Source,Target,TotalPoints,Encounters,AvgPointsPerEncounter
ME,RS,234,10,23.4
MK,RS,254,12,21.17
AZ,RU,220,11,20.0
AM,RU,217,11,19.73
CS,MK,59,3,19.67
RU,AZ,213,11,19.36
GE,AM,245,13,18.85
MK,AL,263,14,18.79
RO,MD,294,16,18.38
PL,AU,147,8,18.38
BA,RS,110,6,18.33
AU,SE,183,10,18.3
AT,CS,36,2,18.0
HR,CS,36,2,18.0
CH,CS,36,2,18.0
MD,RO,267,15,17.8
MD,RU,267,15,17.8
IT,MD,159,9,17.67
FR,AM,244,14,17.43
IT,UA,209,12,17.42
LT,LV,241,14,17.21
BA,CS,34,2,17.0
SI,CS,34,2,17.0
RU,AM,187,11,17.0
MD,UA,288,17,16.94
GR,CY,522,31,16.84
TR,AZ,84,5,16.8
AL,GR,331,20,16.55
HR,RS,247,15,16.47
AM,GE,181,11,16.45
SI,RS,240,15,16.0
RS,MK,144,9,16.0
CY,GR,568,36,15.78
LT,UA,297,19,15.63
RS,HR,155,10,15.5
AZ,UA,232,15,15.47
GE,UA,231,15,15.4
ME,BA,77,5,15.4
PL,UA,277,18,15.39
IS,AU,123,8,15.38
BY,UA,215,14,15.36
AL,MK,183,12,15.25
GR,AL,289,19,15.21
BY,RU,212,14,15.14
GE,AZ,181,12,15.08
CY,CS,30,2,15.0
MK,CS,30,2,15.0
AM,CY,150,10,15.0
AU,BE,105,7,15.0
AL,IT,208,14,14.86
AZ,TR,72,5,14.4
ME,AL,143,10,14.3
RS,ME,100,7,14.29
RS,HU,156,11,14.18
SE,AU,127,9,14.11
SE,CS,28,2,14.0
CS,HR,42,3,14.0
CS,HU,14,1,14.0
CZ,UA,154,11,14.0
RS,BG,98,7,14.0
CH,RS,195,14,13.93
BE,AU,111,8,13.88
LV,LT,277,20,13.85
BG,AM,138,10,13.8
BG,TR,96,7,13.71
CS,BA,41,3,13.67
PT,MD,190,14,13.57
UA,CS,27,2,13.5
ES,BG,108,8,13.5
BG,GR,175,13,13.46
ES,AU,94,7,13.43
DK,AU,107,8,13.38
MK,BG,160,12,13.33
PT,UA,238,18,13.22
CY,BG,132,10,13.2
LV,UA,260,20,13.0
NL,CS,26,2,13.0
RS,BA,78,6,13.0
TR,GE,65,5,13.0
BA,AU,13,1,13.0
LU,LT,26,2,13.0
ME,LU,13,1,13.0
AZ,IL,194,15,12.93
UA,BY,155,12,12.92
FI,AU,116,9,12.89
GR,AM,206,16,12.88
GB,AU,115,9,12.78
AM,GR,217,17,12.76
LT,GE,153,12,12.75
AU,BG,51,4,12.75
BA,MK,114,9,12.67
SM,GR,177,14,12.64
IT,AL,139,11,12.64
AL,TR,113,9,12.56
DE,CS,25,2,12.5
TR,AM,75,6,12.5
ME,MK,62,5,12.4
RO,HU,136,11,12.36
RU,MD,185,15,12.33
IE,LT,283,23,12.3
ME,RU,123,10,12.3
AU,MT,86,7,12.29
HR,MK,158,13,12.15
LV,EE,266,22,12.09
MT,IT,252,21,12.0
MA,TR,12,1,12.0
LV,RU,240,20,12.0
IL,UA,240,20,12.0
GR,CS,24,2,12.0
RO,CS,24,2,12.0
HU,AU,60,5,12.0
EE,FI,287,24,11.96
EE,RU,251,21,11.95
MD,AZ,179,15,11.93
EE,AU,83,7,11.86
CZ,SE,154,13,11.85
SM,BG,59,5,11.8
SM,IT,165,14,11.79
CH,AL,223,19,11.74
GB,BG,129,11,11.73
RS,SI,129,11,11.73
UA,GE,117,10,11.7
CS,GR,35,3,11.67
IL,AU,105,9,11.67
MK,BA,116,10,11.6
AL,BG,116,10,11.6
AU,IL,116,10,11.6
GR,BG,104,9,11.56
LU,HR,23,2,11.5
MK,HR,172,15,11.47
RU,UA,172,15,11.47
GB,LT,274,24,11.42
BY,AU,57,5,11.4
ME,SI,91,8,11.38
MK,TR,125,11,11.36
CZ,AZ,113,10,11.3
NL,AM,169,15,11.27
AU,UA,90,8,11.25
AZ,GE,101,9,11.22
EE,SE,325,29,11.21
RU,BY,89,8,11.12
SI,HR,277,25,11.08
SI,MK,132,12,11.0
AT,BG,88,8,11.0
HU,AZ,110,10,11.0
FI,EE,262,24,10.92
ES,AD,54,5,10.8
HR,CZ,75,7,10.71
AU,MD,75,7,10.71
UA,AZ,139,13,10.69
AD,PT,64,6,10.67
DE,AU,106,10,10.6
UA,AU,74,7,10.57
CZ,AM,116,11,10.55
HR,IT,147,14,10.5
NO,AU,84,8,10.5
IS,SE,377,36,10.47
DK,SE,528,51,10.35
BA,HR,176,17,10.35
BE,AM,155,15,10.33
IT,RO,103,10,10.3
TR,BA,175,17,10.29
HU,BG,72,7,10.29
MT,AZ,144,14,10.29
UA,RU,154,15,10.27
IL,AM,154,15,10.27
IL,RU,205,20,10.25
HR,BA,194,19,10.21
AM,MT,102,10,10.2
SI,IT,163,16,10.19
AL,AU,71,7,10.14
BG,AT,81,8,10.12
LV,AU,81,8,10.12
GE,LV,101,10,10.1
GE,LT,151,15,10.07
MA,DE,10,1,10.0
BY,CS,20,2,10.0
FI,CS,20,2,10.0
AD,ES,60,6,10.0
ME,HR,60,6,10.0
AU,IE,70,7,10.0
LU,UA,20,2,10.0
LV,SE,239,24,9.96
ES,RO,199,20,9.95
CY,UA,189,19,9.95
UA,MD,149,15,9.93
BG,MK,109,11,9.91
LT,RU,178,18,9.89
IL,RO,188,19,9.89
IE,BG,89,9,9.89
AM,UA,148,15,9.87
CZ,BG,69,7,9.86
CZ,IL,128,13,9.85
AZ,MT,118,12,9.83
CY,AM,136,14,9.71
AT,RS,136,14,9.71
CY,RU,193,20,9.65
LT,EE,192,20,9.6
NO,SE,584,61,9.57
BA,ME,38,4,9.5
BY,MD,104,11,9.45
MD,BG,85,9,9.44
CZ,RU,66,7,9.43
BG,RS,94,10,9.4
HU,CZ,47,5,9.4
ME,AZ,94,10,9.4
MC,BA,28,3,9.33
AZ,BY,56,6,9.33
SM,AU,65,7,9.29
EE,UA,185,20,9.25
CZ,MD,74,8,9.25
HR,UA,175,19,9.21
RS,GR,129,14,9.21
HU,NL,119,13,9.15
GR,AZ,128,14,9.14
ES,AM,146,16,9.12
MD,AU,73,8,9.12
EE,LV,164,18,9.11
MT,SE,324,36,9.0
UA,LT,162,18,9.0
RO,AU,63,7,9.0
AU,CY,81,9,9.0
MD,LU,9,1,9.0
LU,LV,18,2,9.0
BG,UA,125,14,8.93
RO,TR,107,12,8.92
IS,DK,276,31,8.9
SI,BA,151,17,8.88
GR,MD,142,16,8.88
AU,LT,71,8,8.88
RS,RU,106,12,8.83
BA,AZ,53,6,8.83
BY,GE,88,10,8.8
IL,CZ,88,10,8.8
CY,AZ,132,15,8.8
AU,RU,44,5,8.8
ES,CZ,79,9,8.78
FI,HU,114,13,8.77
RU,GE,70,8,8.75
SI,UA,174,20,8.7
GE,BY,87,10,8.7
UA,PL,130,15,8.67
MT,AU,78,9,8.67
HR,AL,129,15,8.6
AL,ME,43,5,8.6
ME,GR,103,12,8.58
RO,AZ,103,12,8.58
FR,IL,350,41,8.54
AL,CS,17,2,8.5
DK,CS,17,2,8.5
PT,CS,17,2,8.5
AD,HU,17,2,8.5
FI,CZ,85,10,8.5
NO,LT,194,23,8.43
AM,FR,143,17,8.41
HU,IS,109,13,8.38
AU,IS,67,8,8.38
BY,AM,92,11,8.36
SM,MD,92,11,8.36
IE,LV,142,17,8.35
CS,UA,25,3,8.33
AL,BA,75,9,8.33
CY,AU,75,9,8.33
BA,TR,133,16,8.31
GR,RU,174,21,8.29
AM,SE,141,17,8.29
SM,NL,91,11,8.27
FR,RS,132,16,8.25
DK,IS,239,29,8.24
HR,SI,206,25,8.24
EE,BG,74,9,8.22
AU,HR,41,5,8.2
PL,SE,213,26,8.19
AD,UA,49,6,8.17
AD,FI,49,6,8.17
RS,SE,130,16,8.12
MA,GB,8,1,8.0
HR,HU,112,14,8.0
SK,MT,48,6,8.0
RO,GR,168,21,8.0
HU,DK,112,14,8.0
FR,CS,16,2,8.0
NO,CS,16,2,8.0
RU,CS,16,2,8.0
MC,CY,24,3,8.0
MK,ME,40,5,8.0
EE,CZ,64,8,8.0
AU,DK,56,7,8.0
BG,AU,32,4,8.0
AZ,LU,16,2,8.0
DE,PL,175,22,7.95
AL,CH,135,17,7.94
ME,UA,87,11,7.91
SM,CY,87,11,7.91
IT,PL,71,9,7.89
AU,FI,71,9,7.89
SI,ME,63,8,7.88
CZ,AU,63,8,7.88
LT,SE,196,25,7.84
MD,SE,141,18,7.83
CZ,PT,94,12,7.83
AZ,BG,47,6,7.83
NO,BG,86,11,7.82
MK,IT,86,11,7.82
AT,HR,156,20,7.8
BY,BG,78,10,7.8
SM,SE,117,15,7.8
ME,IT,78,10,7.8
FI,BG,70,9,7.78
IS,NO,279,36,7.75
FR,AU,62,8,7.75
AT,BA,108,14,7.71
GE,SE,131,17,7.71
MD,BY,77,10,7.7
DK,UA,146,19,7.68
AZ,HU,69,9,7.67
AU,LV,46,6,7.67
AL,CY,130,17,7.65
IS,CZ,84,11,7.64
FI,SE,418,55,7.6
AZ,RO,91,12,7.58
MD,AM,106,14,7.57
CH,AU,53,7,7.57
AU,EE,53,7,7.57
AL,SM,68,9,7.56
MT,BG,83,11,7.55
RS,UA,113,15,7.53
SK,SE,45,6,7.5
IL,CS,15,2,7.5
TR,CS,15,2,7.5
AD,IL,45,6,7.5
AD,AZ,15,2,7.5
SM,AZ,90,12,7.5
SK,UA,30,4,7.5
IS,FI,232,31,7.48
GE,TR,37,5,7.4
FI,RU,133,18,7.39
UA,AM,96,13,7.38
SI,CZ,59,8,7.38
RS,IT,96,13,7.38
ES,UA,147,20,7.35
BA,SI,110,15,7.33
CS,AL,22,3,7.33
AT,CZ,66,9,7.33
BE,CZ,66,9,7.33
BA,CZ,22,3,7.33
SI,AU,66,9,7.33
LV,NO,168,23,7.3
CZ,SI,51,7,7.29
GE,IL,109,15,7.27
RO,RU,138,19,7.26
GB,LV,116,16,7.25
SK,AZ,29,4,7.25
BY,LT,101,14,7.21
AM,IL,101,14,7.21
GR,GE,101,14,7.21
TR,MK,72,10,7.2
LT,AZ,108,15,7.2
AZ,MD,108,15,7.2
AZ,SE,122,17,7.18
RO,IT,79,11,7.18
FI,IS,215,30,7.17
AT,AM,86,12,7.17
SM,UA,93,13,7.15
AZ,CY,93,13,7.15
SI,SE,214,30,7.13
EE,HU,107,15,7.13
FR,PT,363,51,7.12
MK,UA,114,16,7.12
AZ,GR,114,16,7.12
GR,AU,57,8,7.12
SM,HU,64,9,7.11
CY,IT,163,23,7.09
MD,CH,78,11,7.09
GE,IT,99,14,7.07
LT,IT,99,14,7.07
NO,DK,324,46,7.04
DK,NO,337,48,7.02
GB,IE,371,53,7.0
MA,CH,7,1,7.0
IT,MA,7,1,7.0
IT,RU,70,10,7.0
LT,BE,105,15,7.0
MC,CS,14,2,7.0
ES,CS,14,2,7.0
PT,BG,70,10,7.0
TR,BG,49,7,7.0
BG,AZ,77,11,7.0
AU,AT,49,7,7.0
LU,AL,7,1,7.0
GB,PL,160,23,6.96
IS,UA,139,20,6.95
NL,UA,139,20,6.95
MK,MT,125,18,6.94
LV,MD,104,15,6.93
IL,AZ,104,15,6.93
BG,CY,76,11,6.91
HR,RU,138,20,6.9
EE,LT,145,21,6.9
TR,UA,69,10,6.9
ME,AM,69,10,6.9
SM,RU,69,10,6.9
LT,AU,69,10,6.9
IS,YU,48,7,6.86
SK,EE,48,7,6.86
CZ,HU,48,7,6.86
PT,AU,48,7,6.86
AM,PT,89,13,6.85
LT,NO,164,24,6.83
SK,BA,41,6,6.83
AT,AL,82,12,6.83
SE,DK,307,45,6.82
PT,IT,266,39,6.82
GE,BE,75,11,6.82
HU,RU,102,15,6.8
IE,UA,136,20,6.8
PL,HU,95,14,6.79
AM,NL,95,14,6.79
RS,FI,95,14,6.79
SK,BE,27,4,6.75
BG,IL,81,12,6.75
GE,RU,81,12,6.75
SM,AM,74,11,6.73
RO,UA,114,17,6.71
UA,HR,114,17,6.71
MD,NO,114,17,6.71
MK,AU,47,7,6.71
RO,SE,154,23,6.7
FR,MD,107,16,6.69
RS,MD,87,13,6.69
SE,BA,127,19,6.68
TR,YU,80,12,6.67
TR,AL,60,9,6.67
BG,MD,80,12,6.67
CZ,FI,80,12,6.67
AU,RS,60,9,6.67
MD,GR,113,17,6.65
BG,RU,73,11,6.64
IL,BG,73,11,6.64
CZ,RS,73,11,6.64
AZ,AL,93,14,6.64
HU,NO,106,16,6.62
SM,IL,86,13,6.62
GE,AU,53,8,6.62
AL,SE,132,20,6.6
BY,NO,99,15,6.6
DE,RS,99,15,6.6
EE,NO,178,27,6.59
NL,IL,256,39,6.56
RS,AU,59,9,6.56
BE,UA,131,20,6.55
ME,SE,85,13,6.54
PL,CH,111,17,6.53
PL,BE,124,19,6.53
DE,TR,208,32,6.5
UA,SE,130,20,6.5
FR,BG,78,12,6.5
GE,EE,78,12,6.5
BY,CZ,39,6,6.5
AU,NO,65,10,6.5
AU,GR,52,8,6.5
UA,NO,123,19,6.47
AL,AZ,97,15,6.47
SE,NO,381,59,6.46
SE,IS,226,35,6.46
MD,PT,84,13,6.46
IE,PL,142,22,6.45
LV,DK,142,22,6.45
SE,UA,129,20,6.45
CZ,IS,71,11,6.45
CZ,IE,45,7,6.43
GR,RO,122,19,6.42
BE,PL,122,19,6.42
MK,RU,109,17,6.41
NO,UA,128,20,6.4
IE,AU,64,10,6.4
CH,MK,102,16,6.38
LT,BY,83,13,6.38
IT,EE,70,11,6.36
DK,BG,70,11,6.36
CZ,CH,70,11,6.36
SM,NO,89,14,6.36
MT,UA,127,20,6.35
BE,BG,57,9,6.33
GE,GR,95,15,6.33
SM,TR,19,3,6.33
ES,IT,284,45,6.31
DE,UA,126,20,6.3
ME,MD,63,10,6.3
CZ,PL,63,10,6.3
PT,CZ,63,10,6.3
SE,EE,163,26,6.27
AM,MD,94,15,6.27
AU,CZ,50,8,6.25
AT,RU,106,17,6.24
PL,IT,81,13,6.23
NO,IS,199,32,6.22
EE,DK,149,24,6.21
RS,IL,87,14,6.21
HU,RS,62,10,6.2
CZ,MK,37,6,6.17
GE,PT,80,13,6.15
IE,CZ,49,8,6.12
IT,AU,49,8,6.12
NL,AU,49,8,6.12
IL,SE,281,46,6.11
RS,BE,61,10,6.1
AT,HU,79,13,6.08
AM,CH,79,13,6.08
SM,AL,73,12,6.08
MT,IL,182,30,6.07
IS,HU,91,15,6.07
AZ,IT,85,14,6.07
UA,IL,97,16,6.06
IT,MT,108,18,6.0
MA,SE,6,1,6.0
CH,BA,84,14,6.0
CY,RO,120,20,6.0
IE,RO,120,20,6.0
TR,MD,42,7,6.0
GE,BG,54,9,6.0
GE,MD,66,11,6.0
IL,GE,72,12,6.0
SM,CH,72,12,6.0
IT,SM,48,8,6.0
AL,LU,12,2,6.0
EE,CH,119,20,5.95
MT,RO,131,22,5.95
PL,FI,113,19,5.95
LT,NL,113,19,5.95
LV,FI,119,20,5.95
FR,TR,190,32,5.94
AZ,NO,95,16,5.94
BY,IL,83,14,5.93
SE,RS,83,14,5.93
BY,AZ,71,12,5.92
DE,HR,136,23,5.91
CH,HR,136,23,5.91
CH,PT,289,49,5.9
CY,YU,59,10,5.9
MT,RU,135,23,5.87
FI,IL,246,42,5.86
NL,HU,82,14,5.86
LV,IS,117,20,5.85
IE,SE,327,56,5.84
CH,IL,239,41,5.83
CH,BG,70,12,5.83
DE,BG,64,11,5.82
ES,PT,313,54,5.8
AM,BY,58,10,5.8
ME,BG,29,5,5.8
IT,IL,162,28,5.79
NL,TR,168,29,5.79
LV,CH,110,19,5.79
IS,NL,156,27,5.78
SM,MT,75,13,5.77
LU,IL,121,21,5.76
HU,UA,63,11,5.73
AL,IL,103,18,5.72
ES,MD,97,17,5.71
PL,BG,40,7,5.71
ME,AU,40,7,5.71
BE,RU,108,19,5.68
RU,NO,119,21,5.67
RU,GR,119,21,5.67
LT,AT,102,18,5.67
AD,GR,34,6,5.67
AD,RO,34,6,5.67
AD,MC,17,3,5.67
HR,ME,17,3,5.67
PL,CZ,51,9,5.67
IT,BG,34,6,5.67
AZ,MK,34,6,5.67
SE,FI,294,52,5.65
LT,CH,113,20,5.65
FR,UA,113,20,5.65
IE,EE,141,25,5.64
PL,EE,124,22,5.64
MK,SI,79,14,5.64
CZ,EE,62,11,5.64
SI,RU,118,21,5.62
SM,CZ,45,8,5.62
CH,IT,275,49,5.61
NL,SE,336,60,5.6
HR,AZ,84,15,5.6
PL,NO,151,27,5.59
PL,LT,95,17,5.59
AM,AT,67,12,5.58
AM,MK,39,7,5.57
MK,CZ,39,7,5.57
AZ,CZ,39,7,5.57
UA,HU,61,11,5.55
CY,SE,227,41,5.54
GE,CY,72,13,5.54
DE,RU,127,23,5.52
GB,CS,11,2,5.5
CS,MD,11,2,5.5
CZ,BA,22,4,5.5
CZ,NL,55,10,5.5
AM,ME,44,8,5.5
RS,LU,11,2,5.5
UA,LU,11,2,5.5
IE,MT,170,31,5.48
EE,NL,148,27,5.48
DE,IL,251,46,5.46
PL,AZ,71,13,5.46
BY,PL,60,11,5.45
HR,BG,60,11,5.45
ME,MT,60,11,5.45
BE,NL,310,57,5.44
MT,GR,163,30,5.43
FI,RS,76,14,5.43
MK,AZ,76,14,5.43
SM,RS,65,12,5.42
GB,SE,341,63,5.41
NO,BA,92,17,5.41
SK,HR,27,5,5.4
MT,SK,27,5,5.4
CY,RS,81,15,5.4
MT,CY,151,28,5.39
DK,IE,199,37,5.38
AT,RO,86,16,5.38
BA,AL,43,8,5.38
AL,NL,86,16,5.38
DE,SE,331,62,5.34
GB,MT,171,32,5.34
IE,RU,112,21,5.33
LV,PT,96,18,5.33
AD,SE,32,6,5.33
BY,SE,80,15,5.33
MC,HR,16,3,5.33
ME,CY,48,9,5.33
SM,IS,64,12,5.33
AM,IT,64,12,5.33
SI,NO,149,28,5.32
PT,RO,85,16,5.31
NO,IL,228,43,5.3
DK,LV,106,20,5.3
IT,AM,53,10,5.3
AT,CH,270,51,5.29
NL,BA,90,17,5.29
PL,AM,74,14,5.29
LT,PL,95,18,5.28
RO,MT,95,18,5.28
RS,CH,58,11,5.27
GE,AT,58,11,5.27
IE,DK,200,38,5.26
BE,IL,231,44,5.25
SM,PL,63,12,5.25
SK,RS,21,4,5.25
EE,IS,131,25,5.24
GB,IL,230,44,5.23
BG,HU,47,9,5.22
RS,CZ,47,9,5.22
AT,IE,219,42,5.21
IL,MD,73,14,5.21
YU,CY,52,10,5.2
HR,MT,135,26,5.19
BG,RO,57,11,5.18
GR,IT,155,30,5.17
RO,AM,62,12,5.17
BE,SE,309,60,5.15
MT,CH,149,29,5.14
SI,AT,108,21,5.14
CH,TR,154,30,5.13
SI,DK,123,24,5.12
RU,IL,87,17,5.12
MD,IL,82,16,5.12
AM,NO,82,16,5.12
AU,CH,41,8,5.12
ME,HU,46,9,5.11
SE,IE,255,50,5.1
EE,AT,107,21,5.1
GR,UA,102,20,5.1
LV,GE,61,12,5.08
GE,CH,66,13,5.08
MD,IT,66,13,5.08
DK,BA,76,15,5.07
HU,SE,86,17,5.06
AL,UA,96,19,5.05
IL,EE,116,23,5.04
NL,BE,286,57,5.02
MT,NL,145,29,5.0
MT,LU,40,8,5.0
MC,IL,50,10,5.0
MA,ES,5,1,5.0
CY,IL,180,36,5.0
SI,LU,15,3,5.0
LT,IE,105,21,5.0
SE,RU,115,23,5.0
HU,RO,65,13,5.0
GB,UA,100,20,5.0
MC,UA,15,3,5.0
BE,CS,10,2,5.0
LV,CS,10,2,5.0
MT,CS,10,2,5.0
CS,FI,15,3,5.0
IL,BY,65,13,5.0
PL,BY,40,8,5.0
AL,AM,85,17,5.0
BG,GE,40,8,5.0
BA,SM,10,2,5.0
TR,SM,5,1,5.0
AT,AU,40,8,5.0
RU,AU,25,5,5.0
AU,LU,10,2,5.0
LU,CZ,5,1,5.0
IS,CH,149,30,4.97
DK,NL,228,46,4.96
RO,IL,109,22,4.95
AT,UA,79,16,4.94
RS,NO,84,17,4.94
UA,LV,69,14,4.93
PT,IL,192,39,4.92
BY,EE,64,13,4.92
PL,MD,64,13,4.92
AL,HU,59,12,4.92
PL,RS,64,13,4.92
IS,PT,162,33,4.91
BA,UA,54,11,4.91
NL,RU,103,21,4.9
AM,CZ,49,10,4.9
SE,CZ,49,10,4.9
IE,IL,215,44,4.89
RU,CY,93,19,4.89
BE,AL,88,18,4.89
AZ,AU,44,9,4.89
AU,PL,44,9,4.89
AU,PT,44,9,4.89
LU,GB,180,37,4.86
LU,MT,34,7,4.86
IL,YU,68,14,4.86
AZ,ME,34,7,4.86
AZ,CH,63,13,4.85
RO,NL,92,19,4.84
BG,BE,58,12,4.83
ES,IL,217,45,4.82
RS,AT,53,11,4.82
IT,RS,53,11,4.82
AL,RU,72,15,4.8
RO,BG,48,10,4.8
DE,HU,67,14,4.79
FI,UA,91,19,4.79
SI,BE,110,23,4.78
MT,NO,167,35,4.77
IT,LT,62,13,4.77
TR,IT,76,16,4.75
SI,CH,95,20,4.75
HU,AT,57,12,4.75
CY,GE,57,12,4.75
NL,DK,218,46,4.74
PT,ES,265,56,4.73
PL,LV,71,15,4.73
SI,BG,52,11,4.73
MD,GE,52,11,4.73
AZ,SM,52,11,4.73
IE,GB,274,58,4.72
PT,SE,250,53,4.72
RS,PT,66,14,4.71
LV,AZ,66,14,4.71
NO,PL,108,23,4.7
FR,RO,94,20,4.7
RU,IT,47,10,4.7
GE,SM,47,10,4.7
IS,EE,122,26,4.69
RU,BE,75,16,4.69
NL,RS,75,16,4.69
ES,GR,210,45,4.67
PT,IS,154,33,4.67
PT,EE,112,24,4.67
EE,IT,70,15,4.67
RO,DK,84,18,4.67
MT,LV,84,18,4.67
AL,HR,70,15,4.67
BY,LV,42,9,4.67
CS,SI,14,3,4.67
DE,AM,70,15,4.67
CZ,AT,42,9,4.67
UA,SK,14,3,4.67
CH,IE,228,49,4.65
DE,BA,79,17,4.65
LV,NL,93,20,4.65
EE,IE,102,22,4.64
ES,RU,102,22,4.64
EE,BE,116,25,4.64
GR,BY,51,11,4.64
CZ,HR,37,8,4.62
DK,EE,106,23,4.61
FI,CH,244,53,4.6
MT,HR,115,25,4.6
MK,SE,92,20,4.6
NO,RS,69,15,4.6
SM,LV,46,10,4.6
AU,MK,23,5,4.6
NL,CH,248,54,4.59
LT,FI,78,17,4.59
PL,SI,101,22,4.59
PL,IL,101,22,4.59
FI,IT,197,43,4.58
FR,IT,219,48,4.56
BE,IE,219,48,4.56
PT,RU,82,18,4.56
UA,EE,73,16,4.56
CZ,LV,41,9,4.56
CH,SE,273,60,4.55
LT,PT,91,20,4.55
MT,GB,168,37,4.54
AT,MD,59,13,4.54
AZ,PT,59,13,4.54
NO,FI,231,51,4.53
AT,IL,163,36,4.53
ES,AZ,68,15,4.53
DK,CH,208,46,4.52
BE,TR,140,31,4.52
IS,RU,95,21,4.52
GB,EE,113,25,4.52
AT,NL,230,51,4.51
SK,NO,27,6,4.5
IE,CS,9,2,4.5
RO,RS,54,12,4.5
CZ,NO,54,12,4.5
HU,SM,36,8,4.5
NL,GR,175,39,4.49
IE,NO,251,56,4.48
GR,FR,197,44,4.48
AT,PL,76,17,4.47
GB,MD,67,15,4.47
GR,RS,67,15,4.47
RS,EE,67,15,4.47
BE,RO,89,20,4.45
LT,IL,89,20,4.45
LT,BG,49,11,4.45
GE,CZ,49,11,4.45
SI,NL,111,25,4.44
HU,GR,71,16,4.44
PT,LV,71,16,4.44
AL,PT,71,16,4.44
CY,CZ,40,9,4.44
NL,NO,257,58,4.43
TR,MT,93,21,4.43
ES,IS,155,35,4.43
CH,HU,62,14,4.43
SK,GR,31,7,4.43
NL,CZ,31,7,4.43
MD,SM,31,7,4.43
LV,BY,53,12,4.42
RS,IS,53,12,4.42
IL,AT,150,34,4.41
UA,NL,75,17,4.41
SI,AL,75,17,4.41
BY,GR,66,15,4.4
SI,MD,66,15,4.4
MC,FR,101,23,4.39
BY,MT,57,13,4.38
MT,AM,70,16,4.38
SM,FI,57,13,4.38
AT,SE,236,54,4.37
DE,GR,179,41,4.37
LU,FR,157,36,4.36
SE,MT,144,33,4.36
YU,IL,61,14,4.36
FR,GR,183,42,4.36
BG,PT,48,11,4.36
UA,PT,74,17,4.35
GB,CY,165,38,4.34
HU,PL,65,15,4.33
IS,PL,104,24,4.33
SE,HU,65,15,4.33
NO,RO,91,21,4.33
NO,LV,78,18,4.33
UA,TR,39,9,4.33
AD,FR,26,6,4.33
AD,NO,26,6,4.33
UA,CH,65,15,4.33
PT,RS,52,12,4.33
NL,AZ,65,15,4.33
SM,EE,65,15,4.33
ME,SM,39,9,4.33
UA,IT,52,12,4.33
IL,HU,56,13,4.31
SE,AZ,69,16,4.31
SM,BE,56,13,4.31
IS,AT,129,30,4.3
PL,GE,60,14,4.29
GB,IS,154,36,4.28
BE,GR,175,41,4.27
UA,BE,64,15,4.27
CZ,MT,47,11,4.27
SE,IL,183,43,4.26
HR,IL,98,23,4.26
PL,DK,81,19,4.26
DK,LT,98,23,4.26
LV,BE,81,19,4.26
MT,BY,51,12,4.25
MD,CZ,34,8,4.25
MT,SM,51,12,4.25
RO,MK,72,17,4.24
TR,RO,55,13,4.23
MD,EE,76,18,4.22
IL,GR,164,39,4.21
GB,TR,143,34,4.21
PL,RU,80,19,4.21
RO,CY,80,19,4.21
RO,CH,80,19,4.21
MK,RO,80,19,4.21
GE,RS,59,14,4.21
AZ,EE,59,14,4.21
NO,AZ,63,15,4.2
RU,MT,88,21,4.19
HU,MD,46,11,4.18
GR,SM,46,11,4.18
AT,AZ,46,11,4.18
PT,LT,75,18,4.17
BA,AM,25,6,4.17
RO,CZ,25,6,4.17
AT,IT,183,44,4.16
RU,HU,54,13,4.15
DK,RU,87,21,4.14
LU,IE,124,30,4.13
TR,IE,124,30,4.13
CY,MD,62,15,4.13
ES,HU,66,16,4.12
PL,IS,99,24,4.12
CH,NL,230,56,4.11
FI,NO,230,56,4.11
BA,SE,74,18,4.11
CZ,DK,37,9,4.11
RO,NO,86,21,4.1
AU,FR,41,10,4.1
CY,BY,45,11,4.09
NL,BG,45,11,4.09
GR,AT,147,36,4.08
BA,AT,53,13,4.08
BY,IS,53,13,4.08
BY,BE,53,13,4.08
RU,RS,49,12,4.08
SM,LT,49,12,4.08
IL,FR,183,45,4.07
AM,EE,61,15,4.07
IL,DK,146,36,4.06
RS,FR,69,17,4.06
CY,LT,85,21,4.05
CH,GR,161,40,4.03
NO,NL,233,58,4.02
ES,SE,241,60,4.02
IE,NL,209,52,4.02
MT,IE,132,33,4.0
IL,LU,84,21,4.0
IL,MT,112,28,4.0
MA,NO,4,1,4.0
CY,MT,104,26,4.0
GR,MT,104,26,4.0
BA,MT,68,17,4.0
HR,CY,108,27,4.0
HR,LU,12,3,4.0
HU,IE,48,12,4.0
FR,HU,68,17,4.0
NO,RU,88,22,4.0
HU,HR,44,11,4.0
BE,HU,52,13,4.0
CS,RU,12,3,4.0
CS,RO,12,3,4.0
AD,IS,24,6,4.0
MK,MD,56,14,4.0
BG,CS,4,1,4.0
BG,HR,44,11,4.0
BY,RS,44,11,4.0
ME,BY,24,6,4.0
UA,CZ,24,6,4.0
AZ,BA,24,6,4.0
SM,HR,28,7,4.0
SK,DK,16,4,4.0
SK,MD,16,4,4.0
AU,IT,40,10,4.0
CZ,IT,40,10,4.0
AU,GB,40,10,4.0
LV,LU,8,2,4.0
LT,LU,8,2,4.0
LU,EE,8,2,4.0
IL,IT,119,30,3.97
PL,PT,95,24,3.96
MT,TR,87,22,3.95
IS,FR,146,37,3.95
HR,CH,87,22,3.95
IE,CH,201,51,3.94
DE,MT,130,33,3.94
GB,DK,192,49,3.92
YU,IT,94,24,3.92
ES,IE,196,50,3.92
FR,PL,98,25,3.92
HU,IL,51,13,3.92
EE,GE,51,13,3.92
AZ,HR,47,12,3.92
IT,AZ,47,12,3.92
LV,BG,43,11,3.91
CZ,BE,43,11,3.91
ES,DE,245,63,3.89
PT,BE,190,49,3.88
MC,GR,31,8,3.88
MT,DK,97,25,3.88
SI,LV,66,17,3.88
BG,BA,31,8,3.88
HU,BY,31,8,3.88
BG,IT,31,8,3.88
AU,SI,31,8,3.88
RU,LT,58,15,3.87
MT,RS,58,15,3.87
EE,AZ,58,15,3.87
AT,GB,216,56,3.86
HR,NO,108,28,3.86
SK,IE,27,7,3.86
LT,DK,81,21,3.86
GE,NL,54,14,3.86
LV,IT,54,14,3.86
EE,BY,50,13,3.85
IT,IE,142,37,3.84
SI,EE,88,23,3.83
ME,NO,46,12,3.83
IT,MK,23,6,3.83
NO,CH,210,55,3.82
MT,FI,107,28,3.82
NO,MT,126,33,3.82
IL,LV,65,17,3.82
IE,MD,61,16,3.81
IL,NL,152,40,3.8
NO,HU,57,15,3.8
AD,NL,19,5,3.8
BG,FI,38,10,3.8
LV,AM,57,15,3.8
IL,CY,125,33,3.79
FI,BA,53,14,3.79
BE,IT,181,48,3.77
IS,CY,113,30,3.77
AT,MT,94,25,3.76
SE,NL,210,56,3.75
CY,FR,150,40,3.75
MK,IL,75,20,3.75
MD,HR,45,12,3.75
ME,TR,15,4,3.75
NO,CZ,30,8,3.75
IS,AZ,60,16,3.75
IE,FI,176,47,3.74
FR,BA,71,19,3.74
DE,LV,71,19,3.74
PT,CH,183,49,3.73
IE,AT,168,45,3.73
NO,IE,205,55,3.73
IL,NO,168,45,3.73
RU,SE,82,22,3.73
HU,SI,41,11,3.73
ME,IL,41,11,3.73
PT,AZ,56,15,3.73
YU,FR,93,25,3.72
IL,GB,175,47,3.72
TR,GB,126,34,3.71
PL,NL,78,21,3.71
AL,ES,78,21,3.71
AL,FR,78,21,3.71
BG,CZ,26,7,3.71
IE,LU,111,30,3.7
PL,SM,37,10,3.7
NL,MT,107,29,3.69
CH,IS,107,29,3.69
AL,MT,59,16,3.69
GE,PL,48,13,3.69
FR,NL,221,60,3.68
CH,FR,228,62,3.68
LT,FR,92,25,3.68
BE,FR,231,63,3.67
GB,CH,220,60,3.67
SK,AT,11,3,3.67
HU,EE,55,15,3.67
AD,RU,22,6,3.67
MC,RO,11,3,3.67
MC,LT,11,3,3.67
NO,MD,55,15,3.67
CZ,BY,22,6,3.67
SM,PT,44,12,3.67
BY,SM,11,3,3.67
DK,DE,194,53,3.66
DE,CH,216,59,3.66
PT,NL,172,47,3.66
GB,GR,161,44,3.66
IT,CH,168,46,3.65
NL,IE,182,50,3.64
IE,BE,182,50,3.64
IL,FI,142,39,3.64
DK,MT,91,25,3.64
CZ,CY,40,11,3.64
PT,IE,167,46,3.63
CH,UA,69,19,3.63
DE,NO,221,61,3.62
SM,ME,29,8,3.62
BE,IS,112,31,3.61
IS,HR,83,23,3.61
HR,SE,108,30,3.6
IE,HR,90,25,3.6
AD,MT,18,5,3.6
SI,AZ,54,15,3.6
SM,RO,36,10,3.6
AU,ES,36,10,3.6
FI,IE,165,46,3.59
DE,RO,79,22,3.59
BE,AT,186,52,3.58
RU,RO,68,19,3.58
CH,GB,225,63,3.57
DK,HU,50,14,3.57
ES,RS,50,14,3.57
RS,DK,50,14,3.57
DK,FI,146,41,3.56
IT,GR,96,27,3.56
FI,CY,114,32,3.56
HR,IE,89,25,3.56
BA,RU,57,16,3.56
NL,EE,96,27,3.56
AL,AT,57,16,3.56
SM,IE,32,9,3.56
PT,GB,198,56,3.54
GR,CH,127,36,3.53
BE,LV,60,17,3.53
YU,GB,95,27,3.52
TR,NL,95,27,3.52
IS,IE,95,27,3.52
SI,GR,95,27,3.52
FR,RU,81,23,3.52
GR,ES,158,45,3.51
YU,TR,42,12,3.5
BA,GR,63,18,3.5
FI,HR,63,18,3.5
HU,MT,56,16,3.5
HU,IT,35,10,3.5
RO,SI,56,16,3.5
IS,CS,7,2,3.5
BY,CY,49,14,3.5
MD,MK,28,8,3.5
BG,LT,49,14,3.5
ME,PT,35,10,3.5
CZ,AD,7,2,3.5
SM,DK,42,12,3.5
SK,AM,7,2,3.5
DE,NL,206,59,3.49
CY,ES,143,41,3.49
NL,PL,73,21,3.48
HR,LT,80,23,3.48
TR,ES,118,34,3.47
LT,MD,52,15,3.47
MC,GB,83,24,3.46
IE,FR,194,56,3.46
PT,LU,107,31,3.45
CY,IE,114,33,3.45
AZ,PL,38,11,3.45
PT,GR,141,41,3.44
HR,NL,86,25,3.44
NO,EE,86,25,3.44
AM,BG,31,9,3.44
AL,NO,72,21,3.43
FR,AZ,48,14,3.43
SI,CY,89,26,3.42
CZ,GR,41,12,3.42
DE,IT,167,49,3.41
FR,BE,198,58,3.41
ES,MT,109,32,3.41
MK,BE,58,17,3.41
PT,DE,187,55,3.4
YU,MT,17,5,3.4
HR,PT,85,25,3.4
CY,HR,85,25,3.4
RO,AT,51,15,3.4
SE,AM,51,15,3.4
RS,CY,51,15,3.4
GR,CZ,34,10,3.4
IS,BE,105,31,3.39
AT,EE,78,23,3.39
RU,DK,61,18,3.39
BA,IE,54,16,3.38
HR,MD,54,16,3.38
IT,GE,27,8,3.38
IT,DK,118,35,3.37
LU,CH,128,38,3.37
PL,AT,64,19,3.37
DK,RO,64,19,3.37
IT,NO,148,44,3.36
GB,FI,178,53,3.36
IT,HR,37,11,3.36
SE,PL,74,22,3.36
PT,HU,47,14,3.36
HU,BE,37,11,3.36
IS,BG,37,11,3.36
AL,RS,47,14,3.36
IS,LT,67,20,3.35
SE,MD,57,17,3.35
AT,IS,97,29,3.34
HR,FI,70,21,3.33
HU,TR,30,9,3.33
TR,RU,50,15,3.33
MC,LV,10,3,3.33
BG,BY,40,12,3.33
UA,BG,40,12,3.33
DE,CZ,30,9,3.33
ES,SM,40,12,3.33
NL,FR,206,62,3.32
DK,IL,123,37,3.32
LV,IE,63,19,3.32
NO,FR,202,61,3.31
CH,AT,175,53,3.3
FR,SE,201,61,3.3
NL,PT,165,50,3.3
DE,IE,185,56,3.3
LV,IL,76,23,3.3
ME,DK,33,10,3.3
IT,FR,158,48,3.29
IT,SE,148,45,3.29
FI,DK,135,41,3.29
GB,RO,69,21,3.29
BE,EE,79,24,3.29
UA,DK,56,17,3.29
RS,AZ,46,14,3.29
PT,FR,177,54,3.28
DK,GB,170,52,3.27
FR,CH,180,55,3.27
NO,GR,134,41,3.27
BY,HR,36,11,3.27
BE,CH,185,57,3.25
SK,IL,13,4,3.25
UA,FR,65,20,3.25
DK,MD,52,16,3.25
MD,CY,52,16,3.25
HU,GE,26,8,3.25
IE,AZ,52,16,3.25
FR,ES,201,62,3.24
IE,CY,120,37,3.24
FI,LV,55,17,3.24
CH,LV,55,17,3.24
FI,MD,55,17,3.24
LT,IS,71,22,3.23
LV,MT,71,22,3.23
IS,RS,42,13,3.23
FR,GB,209,65,3.22
HR,GR,87,27,3.22
SE,LT,74,23,3.22
SM,SI,29,9,3.22
DE,DK,154,48,3.21
IT,GB,154,48,3.21
DK,AT,154,48,3.21
ES,CY,122,38,3.21
AT,FR,179,56,3.2
BE,GB,205,64,3.2
CH,ES,192,60,3.2
RU,EE,64,20,3.2
BY,AT,32,10,3.2
ME,RO,32,10,3.2
BE,AZ,48,15,3.2
GB,AZ,48,15,3.2
AU,HU,16,5,3.2
ES,FR,198,62,3.19
LU,PT,99,31,3.19
EE,CY,86,27,3.19
DE,FR,207,65,3.18
IT,CY,70,22,3.18
MK,NL,54,17,3.18
AL,BE,54,17,3.18
HU,AL,35,11,3.18
IE,IT,127,40,3.17
NL,IS,95,30,3.17
SK,DE,19,6,3.17
SK,IS,19,6,3.17
HU,CH,38,12,3.17
LV,AT,60,19,3.16
IS,AL,60,19,3.16
FI,AT,145,46,3.15
MK,AM,41,13,3.15
BE,MT,88,28,3.14
CY,LU,44,14,3.14
HU,CY,44,14,3.14
AZ,FI,44,14,3.14
MD,LT,47,15,3.13
SM,GB,47,15,3.13
DK,YU,53,17,3.12
CY,EE,75,24,3.12
TR,HU,25,8,3.12
HR,AU,25,8,3.12
CH,DE,196,63,3.11
DE,GB,205,66,3.11
GR,NL,115,37,3.11
BA,FR,59,19,3.11
MK,CY,56,18,3.11
IS,LV,59,19,3.11
NL,MD,56,18,3.11
HU,AM,28,9,3.11
DK,TR,90,29,3.1
BG,MT,31,10,3.1
FR,CZ,31,10,3.1
IT,NL,139,45,3.09
DK,BE,142,46,3.09
FI,FR,173,56,3.09
IS,IT,68,22,3.09
HR,DK,68,22,3.09
PL,IE,68,22,3.09
BY,PT,34,11,3.09
SE,GB,194,63,3.08
BE,NO,182,59,3.08
MT,AT,80,26,3.08
GR,IL,120,39,3.08
PL,GR,74,24,3.08
AT,MK,37,12,3.08
BG,CH,40,13,3.08
BY,HU,37,12,3.08
AM,RS,37,12,3.08
GE,IS,40,13,3.08
DK,AZ,40,13,3.08
AZ,LV,37,12,3.08
AZ,IE,40,13,3.08
CH,NO,181,59,3.07
ES,NL,172,56,3.07
UA,MT,46,15,3.07
RS,LT,46,15,3.07
AT,DK,144,47,3.06
FR,LU,110,36,3.06
GR,IE,110,36,3.06
IS,MD,49,16,3.06
GE,NO,52,17,3.06
IE,DE,174,57,3.05
IL,CH,128,42,3.05
LT,MT,61,20,3.05
MK,GR,58,19,3.05
SI,LT,64,21,3.05
AT,DE,170,56,3.04
GB,AT,164,54,3.04
SE,CH,167,55,3.04
SE,FR,188,62,3.03
ES,BE,179,59,3.03
NO,IT,135,45,3.0
YU,CH,81,27,3.0
LU,GR,54,18,3.0
MA,AT,3,1,3.0
IS,IL,93,31,3.0
IT,IS,54,18,3.0
EE,MT,75,25,3.0
RO,PT,45,15,3.0
PL,HR,60,20,3.0
BE,LT,54,18,3.0
CS,SE,9,3,3.0
PL,AL,48,16,3.0
AD,DK,18,6,3.0
AL,MD,48,16,3.0
BG,NO,39,13,3.0
MD,IS,48,16,3.0
AM,FI,45,15,3.0
RS,RO,33,11,3.0
CZ,GB,39,13,3.0
UA,ME,12,4,3.0
LT,CZ,27,9,3.0
SM,FR,45,15,3.0
AZ,NL,39,13,3.0
AU,NL,24,8,3.0
PL,LU,6,2,3.0
NL,HR,77,26,2.96
HR,TR,56,19,2.95
GB,RU,65,22,2.95
FR,IS,94,32,2.94
PL,RO,50,17,2.94
RU,SI,50,17,2.94
LV,HR,47,16,2.94
DE,AL,47,16,2.94
SE,AL,47,16,2.94
MT,IS,82,28,2.93
MD,BE,44,15,2.93
DE,AT,152,52,2.92
YU,SE,70,24,2.92
SI,PT,73,25,2.92
BG,NL,35,12,2.92
YU,IE,64,22,2.91
DE,LT,67,23,2.91
ES,EE,84,29,2.9
EE,SM,29,10,2.9
GB,BE,165,57,2.89
NO,GB,182,63,2.89
IL,ES,136,47,2.89
TR,GR,81,28,2.89
TR,HR,55,19,2.89
CY,HU,46,16,2.88
BE,MD,46,16,2.88
IT,CZ,23,8,2.88
CY,NO,109,38,2.87
RU,FR,66,23,2.87
UA,FI,43,15,2.87
FI,GB,166,58,2.86
ES,AT,143,50,2.86
HR,AT,63,22,2.86
IL,HR,60,21,2.86
BE,RS,40,14,2.86
AU,AZ,20,7,2.86
FI,LU,97,34,2.85
FI,GR,114,40,2.85
TR,SE,97,34,2.85
SE,CY,114,40,2.85
IT,ES,128,45,2.84
IL,BE,125,44,2.84
RO,FI,54,19,2.84
RO,BE,54,19,2.84
FI,BE,150,53,2.83
MC,IE,51,18,2.83
EE,FR,85,30,2.83
DK,AL,51,18,2.83
FR,AL,51,18,2.83
BE,GE,34,12,2.83
ME,EE,34,12,2.83
GB,CZ,34,12,2.83
BE,PT,141,50,2.82
CY,CH,96,34,2.82
LT,HR,62,22,2.82
MK,FI,48,17,2.82
ME,BE,31,11,2.82
MT,CZ,31,11,2.82
SM,AT,31,11,2.82
DE,FI,146,52,2.81
PL,DE,73,26,2.81
GR,HU,45,16,2.81
DE,EE,73,26,2.81
ES,CH,151,54,2.8
SI,HU,42,15,2.8
RS,MT,42,15,2.8
FR,EE,78,28,2.79
SE,LV,53,19,2.79
PT,AM,39,14,2.79
BE,DE,178,64,2.78
BE,CY,103,37,2.78
UA,GR,50,18,2.78
RS,BY,25,9,2.78
BE,ES,169,61,2.77
GR,PT,108,39,2.77
BY,NL,36,13,2.77
MT,GE,36,13,2.77
GR,FI,113,41,2.76
SE,TR,91,33,2.76
FI,SI,47,17,2.76
NL,DE,173,63,2.75
BA,NO,44,16,2.75
IT,BA,11,4,2.75
MK,BY,44,16,2.75
BY,CH,33,12,2.75
BG,PL,22,8,2.75
GE,DK,44,16,2.75
FI,MT,74,27,2.74
GR,BE,104,38,2.74
FI,LT,52,19,2.74
NL,AT,139,51,2.73
FR,MC,60,22,2.73
TR,AT,71,26,2.73
SI,IS,71,26,2.73
NL,LT,60,22,2.73
AT,LV,41,15,2.73
ES,GB,174,64,2.72
HR,EE,68,25,2.72
MT,AL,46,17,2.71
AM,BA,19,7,2.71
IT,AT,116,43,2.7
UA,MK,27,10,2.7
FR,DK,132,49,2.69
AT,TR,70,26,2.69
GR,EE,70,26,2.69
MD,NL,43,16,2.69
CZ,FR,35,13,2.69
GE,MT,35,13,2.69
AZ,SI,35,13,2.69
GB,LU,99,37,2.68
FI,NL,134,50,2.68
AT,SI,51,19,2.68
SI,IL,67,25,2.68
ES,PL,67,25,2.68
IT,MC,56,21,2.67
CY,BE,96,36,2.67
SE,HR,72,27,2.67
CY,PL,56,21,2.67
IL,PL,48,18,2.67
AD,AT,8,3,2.67
LV,HU,32,12,2.67
MD,FI,48,18,2.67
AM,TR,16,6,2.67
DE,IS,85,32,2.66
NL,GB,167,63,2.65
SE,LU,90,34,2.65
MT,MK,45,17,2.65
SE,IT,119,45,2.64
AM,BE,37,14,2.64
SE,AT,134,51,2.63
DK,PL,50,19,2.63
GB,DE,173,66,2.62
MC,DK,34,13,2.62
MC,IT,55,21,2.62
AL,RO,42,16,2.62
MD,MT,34,13,2.62
DE,MD,42,16,2.62
AM,HR,34,13,2.62
RS,NL,34,13,2.62
TR,DE,86,33,2.61
CY,AT,86,33,2.61
AL,EE,47,18,2.61
LU,ES,91,35,2.6
CH,FI,138,53,2.6
DK,CY,91,35,2.6
AD,LT,13,5,2.6
DE,BE,150,58,2.59
MC,ES,57,22,2.59
IL,LT,57,22,2.59
YU,NL,67,26,2.58
BY,SI,31,12,2.58
FR,AT,136,53,2.57
SK,CY,18,7,2.57
HU,FI,36,14,2.57
BA,BG,18,7,2.57
AZ,LT,36,14,2.57
GB,NO,161,63,2.56
YU,LU,69,27,2.56
GB,YU,69,27,2.56
IS,RO,46,18,2.56
UA,SI,46,18,2.56
PT,AL,46,18,2.56
RU,MK,28,11,2.55
AM,PL,28,11,2.55
GE,HU,28,11,2.55
LU,NL,89,35,2.54
GR,PL,61,24,2.54
LU,DE,96,38,2.53
CY,DK,81,32,2.53
RU,FI,43,17,2.53
UA,IE,38,15,2.53
CY,AL,38,15,2.53
DE,AZ,38,15,2.53
PT,HR,58,23,2.52
PL,CY,58,23,2.52
AL,DE,53,21,2.52
GR,NO,108,43,2.51
MC,DE,60,24,2.5
PT,AT,110,44,2.5
IS,GR,85,34,2.5
RO,EE,50,20,2.5
PL,CS,5,2,2.5
AD,TR,15,6,2.5
AT,BY,25,10,2.5
BG,AL,30,12,2.5
GE,RO,30,12,2.5
GE,FI,35,14,2.5
TR,ME,5,2,2.5
SK,IT,5,2,2.5
AU,RO,15,6,2.5
LU,RS,5,2,2.5
FR,DE,162,65,2.49
FR,IE,122,49,2.49
PT,NO,139,56,2.48
SI,FI,52,21,2.48
PL,FR,67,27,2.48
RO,ES,57,23,2.48
NL,RO,52,21,2.48
LU,SE,84,34,2.47
IL,DE,116,47,2.47
RO,IE,47,19,2.47
IE,HU,37,15,2.47
FI,AL,42,17,2.47
AL,FI,47,19,2.47
SE,BE,138,56,2.46
GB,PT,133,54,2.46
HU,PT,32,13,2.46
BE,DK,120,49,2.45
DE,LU,93,38,2.45
GR,HR,54,22,2.45
MD,HU,27,11,2.45
CH,CZ,27,11,2.45
RO,HR,39,16,2.44
MT,EE,66,27,2.44
IT,DE,119,49,2.43
LU,IT,85,35,2.43
SK,GB,17,7,2.43
BG,DK,34,14,2.43
BG,SE,34,14,2.43
BG,FR,34,14,2.43
GB,NL,138,57,2.42
NL,LU,87,36,2.42
EE,PT,58,24,2.42
MK,HU,29,12,2.42
ME,IS,29,12,2.42
IE,IS,82,34,2.41
FI,PT,115,48,2.4
CH,MT,72,30,2.4
IL,MC,24,10,2.4
NL,CY,84,35,2.4
HR,FR,72,30,2.4
BA,IT,12,5,2.4
AD,LV,12,5,2.4
CZ,GE,24,10,2.4
AT,LU,79,33,2.39
AT,NO,122,51,2.39
SE,DE,150,63,2.38
DE,PT,124,52,2.38
MT,LT,57,24,2.38
HR,LV,38,16,2.38
MK,LV,31,13,2.38
AZ,BE,31,13,2.38
SI,FR,71,30,2.37
MK,NO,45,19,2.37
IT,BE,106,45,2.36
IE,YU,52,22,2.36
NO,CY,85,36,2.36
LV,FR,59,25,2.36
RO,AL,33,14,2.36
LT,CY,47,20,2.35
UA,IS,40,17,2.35
UA,GB,47,20,2.35
GB,AL,40,17,2.35
GE,FR,40,17,2.35
ES,FI,136,58,2.34
IT,PT,82,35,2.34
DE,MC,56,24,2.33
BE,YU,63,27,2.33
RU,CH,28,12,2.33
DE,MK,42,18,2.33
BY,BA,21,9,2.33
MC,SI,7,3,2.33
MD,BA,21,9,2.33
CZ,TR,7,3,2.33
ME,AT,21,9,2.33
ME,CZ,21,9,2.33
MD,SK,7,3,2.33
RS,SK,7,3,2.33
SE,RO,51,22,2.32
NL,IT,108,47,2.3
CH,EE,53,23,2.3
GB,MC,55,24,2.29
CY,GB,94,41,2.29
PT,CY,78,34,2.29
EE,MD,39,17,2.29
BG,GB,32,14,2.29
AM,ES,39,17,2.29
IL,IE,98,43,2.28
IS,DE,82,36,2.28
MT,ES,84,37,2.27
BA,IL,34,15,2.27
MT,HU,34,15,2.27
GB,FR,147,65,2.26
IT,LU,79,35,2.26
PT,SI,52,23,2.26
MC,CH,54,24,2.25
TR,IL,63,28,2.25
BY,TR,18,8,2.25
BY,DK,36,16,2.25
IS,AM,36,16,2.25
MT,ME,18,8,2.25
SE,MC,47,21,2.24
HU,GB,38,17,2.24
MK,EE,38,17,2.24
IL,IS,67,30,2.23
LT,HU,29,13,2.23
EE,GB,67,30,2.23
AZ,RS,29,13,2.23
GR,IS,71,32,2.22
CH,LT,51,23,2.22
SI,PL,51,23,2.22
MK,CH,40,18,2.22
DK,FR,115,52,2.21
UA,AT,31,14,2.21
MC,TR,11,5,2.2
HR,GB,66,30,2.2
BA,SK,11,5,2.2
LV,DE,55,25,2.2
UA,BA,22,10,2.2
HU,LV,22,10,2.2
GR,SE,94,43,2.19
NO,AM,35,16,2.19
FI,AZ,35,16,2.19
ES,NO,133,61,2.18
PT,FI,107,49,2.18
FR,MT,74,34,2.18
IL,SI,48,22,2.18
AT,PT,89,41,2.17
TR,BE,63,29,2.17
SK,PT,13,6,2.17
LV,SI,39,18,2.17
AL,IS,39,18,2.17
MD,LV,39,18,2.17
GE,SI,26,12,2.17
MK,SM,13,6,2.17
CY,NL,69,32,2.16
LU,MC,43,20,2.15
MC,LU,43,20,2.15
ES,DK,101,47,2.15
PT,DK,84,39,2.15
IS,MT,58,27,2.15
NL,FI,109,51,2.14
AL,GB,45,21,2.14
DE,ES,134,63,2.13
SE,PT,111,52,2.13
MD,AL,32,15,2.13
SI,IE,51,24,2.12
UA,RO,36,17,2.12
AM,AU,17,8,2.12
IE,MC,38,18,2.11
GB,HR,57,27,2.11
UA,CY,38,18,2.11
MD,ME,19,9,2.11
LT,SI,44,21,2.1
PT,GE,21,10,2.1
IS,SM,21,10,2.1
NO,BE,113,54,2.09
BE,FI,117,56,2.09
SI,MT,48,23,2.09
EE,PL,48,23,2.09
BG,EE,23,11,2.09
CZ,LT,23,11,2.09
DK,GR,75,36,2.08
EE,IL,50,24,2.08
MK,PL,25,12,2.08
BY,RO,27,13,2.08
BY,FI,27,13,2.08
SE,BG,25,12,2.08
DE,GE,27,13,2.08
TR,CH,60,29,2.07
GB,MK,31,15,2.07
BG,ES,29,14,2.07
UA,RS,29,14,2.07
SM,ES,31,15,2.07
AT,FI,97,47,2.06
CH,PL,37,18,2.06
LV,PL,37,18,2.06
AL,PL,33,16,2.06
AL,SI,33,16,2.06
MD,DK,33,16,2.06
RU,IE,39,19,2.05
LV,GR,43,21,2.05
ES,AL,39,19,2.05
MC,NL,49,24,2.04
BE,LU,77,38,2.03
NO,DE,126,62,2.03
ES,LU,71,35,2.03
GR,GB,91,45,2.02
YU,MC,32,16,2.0
MT,YU,10,5,2.0
PT,MT,58,29,2.0
GR,MC,16,8,2.0
AT,GR,76,38,2.0
MA,DK,2,1,2.0
CH,CY,68,34,2.0
RO,PL,28,14,2.0
SK,HU,10,5,2.0
RO,BA,24,12,2.0
RU,HR,36,18,2.0
BA,RO,24,12,2.0
CS,CY,6,3,2.0
BY,AL,24,12,2.0
AD,PL,10,5,2.0
MC,IS,6,3,2.0
CS,NO,6,3,2.0
CS,IL,6,3,2.0
CS,LT,6,3,2.0
PT,AD,10,5,2.0
HU,CS,2,1,2.0
AM,RO,26,13,2.0
HR,GE,16,8,2.0
GE,HR,18,9,2.0
ME,NL,20,10,2.0
GR,ME,18,9,2.0
PT,ME,12,6,2.0
LV,CZ,24,12,2.0
RU,CZ,8,4,2.0
AD,SM,2,1,2.0
FI,SM,20,10,2.0
AL,SK,4,2,2.0
BY,IT,18,9,2.0
AZ,AT,22,11,2.0
AU,AM,14,7,2.0
AU,BY,8,4,2.0
AU,SM,14,7,2.0
CZ,SM,14,7,2.0
EE,DE,57,29,1.97
AT,BE,102,52,1.96
NO,PT,106,54,1.96
EE,HR,45,23,1.96
FI,MC,41,21,1.95
MC,FI,41,21,1.95
MD,FR,37,19,1.95
GR,LU,35,18,1.94
RU,NL,35,18,1.94
RS,DE,33,17,1.94
YU,DE,52,27,1.93
CH,MD,27,14,1.93
SI,AM,27,14,1.93
AM,IS,29,15,1.93
IL,RS,29,15,1.93
MD,RS,29,15,1.93
GB,RS,29,15,1.93
NL,MC,46,24,1.92
DE,CY,69,36,1.92
IS,GB,71,37,1.92
ES,SI,46,24,1.92
FI,DE,109,57,1.91
CZ,AL,21,11,1.91
NO,AT,95,50,1.9
FI,TR,55,29,1.9
SI,RO,38,20,1.9
LV,CY,38,20,1.9
ES,YU,51,27,1.89
PL,GB,51,27,1.89
FR,SM,17,9,1.89
FI,YU,49,26,1.88
SE,YU,45,24,1.88
RU,PL,32,17,1.88
RU,LV,30,16,1.88
FI,AM,30,16,1.88
IE,RS,32,17,1.88
FR,HR,43,23,1.87
GB,HU,28,15,1.87
MT,MD,28,15,1.87
MD,AT,28,15,1.87
YU,AT,41,22,1.86
CY,FI,65,35,1.86
NO,HR,50,27,1.85
FI,PL,37,20,1.85
EE,RO,37,20,1.85
ES,LV,37,20,1.85
DK,MK,24,13,1.85
MT,FR,68,37,1.84
LT,DE,46,25,1.84
FI,ES,106,58,1.83
MT,MC,11,6,1.83
CY,PT,64,35,1.83
HR,ES,55,30,1.83
BA,DE,33,18,1.83
FI,RO,33,18,1.83
SI,BY,22,12,1.83
SM,GE,20,11,1.82
AZ,ES,31,17,1.82
CH,DK,87,48,1.81
LU,BE,65,36,1.81
YU,ES,49,27,1.81
GR,YU,18,10,1.8
IT,SI,27,15,1.8
SK,PL,9,5,1.8
SK,RU,9,5,1.8
PT,SK,9,5,1.8
SK,SI,9,5,1.8
AD,CH,9,5,1.8
GB,GE,27,15,1.8
MC,BE,43,24,1.79
FR,FI,95,53,1.79
NO,TR,59,33,1.79
ES,HR,43,24,1.79
BA,PL,25,14,1.79
LT,GR,41,23,1.78
EE,SI,41,23,1.78
AU,GE,16,9,1.78
ES,MC,39,22,1.77
IT,FI,71,40,1.77
MK,PT,23,13,1.77
FR,LV,37,21,1.76
LV,GB,44,25,1.76
BA,HU,14,8,1.75
SK,LT,7,4,1.75
PL,AD,7,4,1.75
NO,LU,61,35,1.74
SE,GR,73,42,1.74
BA,GB,33,19,1.74
CH,RU,33,19,1.74
CH,RO,33,19,1.74
TR,NO,57,33,1.73
BE,BA,26,15,1.73
FR,YU,43,25,1.72
NL,ES,103,60,1.72
PT,MC,31,18,1.72
MK,DK,31,18,1.72
GB,IT,82,48,1.71
MC,SE,36,21,1.71
FR,NO,101,59,1.71
MK,GB,36,21,1.71
CH,AM,29,17,1.71
YU,GR,17,10,1.7
MT,PL,39,23,1.7
UA,DE,34,20,1.7
CH,BE,98,58,1.69
HR,IS,44,26,1.69
CZ,DE,22,13,1.69
ME,ES,22,13,1.69
AT,YU,37,22,1.68
MT,PT,52,31,1.68
NL,LV,32,19,1.68
BE,MC,40,24,1.67
CH,MC,40,24,1.67
MC,MT,10,6,1.67
SI,GB,50,30,1.67
IS,SK,5,3,1.67
RU,TR,25,15,1.67
IT,HU,15,9,1.67
MC,EE,5,3,1.67
RU,BG,10,6,1.67
EE,AM,25,15,1.67
CZ,RO,10,6,1.67
SE,ME,15,9,1.67
BE,SM,15,9,1.67
DK,PT,63,38,1.66
CY,IS,56,34,1.65
RO,DE,38,23,1.65
RU,DE,38,23,1.65
RU,GB,38,23,1.65
AT,ES,87,53,1.64
GB,ES,105,64,1.64
IT,LV,18,11,1.64
MT,BE,44,27,1.63
NO,YU,42,26,1.62
IE,ES,94,58,1.62
TR,LU,26,16,1.62
ES,TR,55,34,1.62
NO,MK,21,13,1.62
CY,SM,13,8,1.62
RU,IS,32,20,1.6
HR,SK,8,5,1.6
EE,AD,8,5,1.6
AD,SI,8,5,1.6
MD,PL,24,15,1.6
DK,AM,24,15,1.6
IE,GR,65,41,1.59
FR,CY,59,37,1.59
RU,AT,27,17,1.59
AZ,GB,27,17,1.59
BA,ES,30,19,1.58
MT,BA,30,19,1.58
HR,RO,30,19,1.58
IS,BY,19,12,1.58
MD,TR,11,7,1.57
FI,GE,22,14,1.57
RS,SM,11,7,1.57
DK,LU,42,27,1.56
AT,MC,28,18,1.56
YU,BE,42,27,1.56
IE,SI,39,25,1.56
BG,SI,14,9,1.56
CH,AZ,25,16,1.56
AM,SM,14,9,1.56
MT,SI,34,22,1.55
HR,BY,17,11,1.55
AZ,DK,17,11,1.55
NL,YU,40,26,1.54
BA,FI,20,13,1.54
CY,SI,37,24,1.54
AL,IE,20,13,1.54
RS,AM,20,13,1.54
ME,FR,20,13,1.54
IT,TR,23,15,1.53
NO,ES,94,62,1.52
YU,FI,39,26,1.5
TR,PT,48,32,1.5
NL,SI,39,26,1.5
EE,GR,42,28,1.5
NL,MK,18,12,1.5
CY,LV,24,16,1.5
AD,CS,3,2,1.5
LT,CS,3,2,1.5
AD,CY,6,4,1.5
AL,AD,6,4,1.5
BG,DE,21,14,1.5
FR,BY,18,12,1.5
AM,DK,24,16,1.5
MK,GE,15,10,1.5
ME,PL,15,10,1.5
ME,CH,12,8,1.5
SM,BA,6,4,1.5
GB,SM,12,8,1.5
IT,ME,9,6,1.5
AU,DE,15,10,1.5
LU,AU,3,2,1.5
LU,PL,3,2,1.5
LU,YU,40,27,1.48
TR,FI,40,27,1.48
IS,SI,31,21,1.48
BA,BE,22,15,1.47
LT,RO,28,19,1.47
RO,LT,28,19,1.47
TR,EE,22,15,1.47
BY,MK,22,15,1.47
HR,AM,22,15,1.47
LU,DK,38,26,1.46
LU,CY,19,13,1.46
RS,IE,19,13,1.46
NO,MC,32,22,1.45
IL,TR,42,29,1.45
SI,DE,42,29,1.45
MC,AT,26,18,1.44
LT,GB,36,25,1.44
ME,LT,13,9,1.44
DK,HR,30,21,1.43
PL,MT,33,23,1.43
TR,IS,34,24,1.42
MD,ES,27,19,1.42
BG,IS,17,12,1.42
IE,BA,24,17,1.41
FR,SI,31,22,1.41
HU,DE,24,17,1.41
DK,RS,24,17,1.41
LU,NO,49,35,1.4
IS,LU,14,10,1.4
BA,NL,21,15,1.4
GR,SK,7,5,1.4
NL,AD,7,5,1.4
SM,MK,7,5,1.4
CH,LU,53,38,1.39
RO,IS,25,18,1.39
IE,PT,69,50,1.38
IL,PT,55,40,1.38
CY,DE,55,40,1.38
EE,RS,22,16,1.38
DK,IT,52,38,1.37
DE,YU,37,27,1.37
RU,AL,19,14,1.36
DE,SI,31,23,1.35
RO,FR,31,23,1.35
RO,GB,31,23,1.35
GE,GB,23,17,1.35
IT,YU,32,24,1.33
PL,BA,20,15,1.33
HU,MK,12,9,1.33
LT,TR,16,12,1.33
MC,MK,4,3,1.33
AD,BE,8,6,1.33
CS,EE,4,3,1.33
CY,MC,4,3,1.33
MD,SI,20,15,1.33
SK,AL,4,3,1.33
SK,BY,4,3,1.33
IT,BY,8,6,1.33
DK,SM,12,9,1.33
NO,AL,25,19,1.32
SE,ES,80,61,1.31
HR,DE,38,29,1.31
RS,AL,17,13,1.31
YU,PT,30,23,1.3
PT,YU,30,23,1.3
LU,IS,13,10,1.3
ES,LT,26,20,1.3
PL,MK,13,10,1.3
BG,IE,13,10,1.3
NL,GE,13,10,1.3
RO,SM,13,10,1.3
LU,FI,44,34,1.29
GR,TR,36,28,1.29
IS,TR,31,24,1.29
MK,ES,27,21,1.29
SE,MK,18,14,1.29
MK,FR,27,21,1.29
MC,PT,23,18,1.28
BE,HR,28,22,1.27
IE,GE,14,11,1.27
GR,SI,29,23,1.26
SK,MK,5,4,1.25
PT,BY,15,12,1.25
AM,HU,10,8,1.25
IS,GE,15,12,1.25
SE,GE,15,12,1.25
ME,FI,15,12,1.25
LU,AT,41,33,1.24
GR,DK,46,37,1.24
GE,DE,21,17,1.24
DK,MC,16,13,1.23
MC,NO,27,22,1.23
MD,IE,16,13,1.23
FR,GE,16,13,1.23
CZ,ES,16,13,1.23
NO,SI,33,27,1.22
RS,GE,17,14,1.21
IE,SK,6,5,1.2
AD,IE,6,5,1.2
IS,AD,6,5,1.2
GE,AL,18,15,1.2
LU,TR,19,16,1.19
PT,BA,20,17,1.18
LT,AM,20,17,1.18
RS,LV,13,11,1.18
AZ,FR,20,17,1.18
SK,RO,7,6,1.17
IL,MK,21,18,1.17
MK,AT,14,12,1.17
MK,LT,21,18,1.17
FI,BY,14,12,1.17
IE,BY,14,12,1.17
RO,BY,14,12,1.17
PT,SM,7,6,1.17
AU,ME,7,6,1.17
LV,RO,22,19,1.16
GR,LV,22,19,1.16
TR,FR,38,33,1.15
SE,SI,30,26,1.15
MT,DE,41,36,1.14
GR,DE,50,44,1.14
FR,LT,24,21,1.14
AM,LT,16,14,1.14
SI,GE,16,14,1.14
UA,AL,17,15,1.13
MC,YU,18,16,1.12
TR,SI,18,16,1.12
BA,EE,19,17,1.12
AM,AL,18,16,1.12
RS,ES,19,17,1.12
RU,SM,9,8,1.12
GR,BA,20,18,1.11
AL,LT,20,18,1.11
BA,MD,10,9,1.11
AT,LT,22,20,1.1
DK,SI,24,22,1.09
AL,GE,12,11,1.09
HU,LT,13,12,1.08
ES,GE,14,13,1.08
CH,YU,29,27,1.07
TR,DK,32,30,1.07
AT,CY,36,34,1.06
SI,TR,18,17,1.06
HU,ES,18,17,1.06
GB,AM,18,17,1.06
YU,NO,27,26,1.04
BE,SI,25,24,1.04
PL,ES,28,27,1.04
TR,MC,5,5,1.0
MA,FR,1,1,1.0
IS,BA,18,18,1.0
SK,CH,4,4,1.0
AT,SK,3,3,1.0
PL,SK,5,5,1.0
RO,SK,3,3,1.0
SK,NL,6,6,1.0
GR,LT,20,20,1.0
BE,SK,4,4,1.0
FR,MK,15,15,1.0
LV,MK,13,13,1.0
LV,ES,25,25,1.0
AD,AL,6,6,1.0
MC,AL,3,3,1.0
AD,GB,6,6,1.0
IE,AD,5,5,1.0
IL,AD,6,6,1.0
SI,AD,5,5,1.0
AL,BY,13,13,1.0
BA,BY,8,8,1.0
TR,BY,8,8,1.0
AD,MD,5,5,1.0
MD,CS,1,1,1.0
MD,AD,4,4,1.0
RU,AD,4,4,1.0
MD,MC,2,2,1.0
AM,DE,17,17,1.0
AM,LV,12,12,1.0
LV,RS,15,15,1.0
LT,RS,17,17,1.0
CZ,ME,8,8,1.0
FR,ME,7,7,1.0
RU,ME,8,8,1.0
SM,DE,15,15,1.0
IL,SM,11,11,1.0
BY,SK,3,3,1.0
LU,AM,2,2,1.0
RU,ES,22,23,0.96
IS,ES,35,37,0.95
AL,DK,20,21,0.95
MD,GB,18,19,0.95
RU,BA,15,16,0.94
MK,IE,16,17,0.94
MK,IS,15,16,0.94
AM,GB,16,17,0.94
IE,MK,14,15,0.93
RO,LV,13,14,0.93
LT,ES,23,25,0.92
BY,IE,11,12,0.92
SI,ES,27,30,0.9
HR,BE,19,21,0.9
GB,BA,16,18,0.89
ME,LV,8,9,0.89
IL,ME,8,9,0.89
DK,ES,43,49,0.88
GB,SI,22,25,0.88
HU,FR,15,17,0.88
EE,TR,14,16,0.88
RS,GB,15,17,0.88
RO,ME,7,8,0.88
AU,AL,7,8,0.88
EE,SK,6,7,0.86
NL,ME,6,7,0.86
AM,SI,11,13,0.85
PT,PL,20,24,0.83
AD,DE,5,6,0.83
FI,AD,5,6,0.83
BA,GE,5,6,0.83
BY,ME,5,6,0.83
HR,SM,5,6,0.83
NL,AL,14,17,0.82
BA,DK,12,15,0.8
LV,AL,16,20,0.8
BY,AD,4,5,0.8
GR,AD,4,5,0.8
RO,GE,8,10,0.8
IE,TR,24,31,0.77
IL,AL,13,17,0.76
GE,ES,13,17,0.76
BA,PT,12,16,0.75
MK,SK,3,4,0.75
IS,MK,9,12,0.75
AD,AM,3,4,0.75
CY,ME,6,8,0.75
BA,CH,8,11,0.73
PL,TR,11,15,0.73
IE,AL,11,15,0.73
HR,PL,15,21,0.71
DK,ME,5,7,0.71
DK,CZ,7,10,0.7
CH,SM,7,10,0.7
FI,MK,11,16,0.69
BY,FR,11,16,0.69
IE,AM,11,16,0.69
TR,LV,6,9,0.67
CS,TR,2,3,0.67
CS,IS,2,3,0.67
AL,MC,2,3,0.67
EE,MC,2,3,0.67
CS,CH,2,3,0.67
GE,MK,6,9,0.67
RS,PL,10,15,0.67
ES,ME,6,9,0.67
AT,SM,6,9,0.67
LV,SM,6,9,0.67
BG,SM,2,3,0.67
UA,SM,4,6,0.67
PT,TR,21,32,0.66
ES,BY,7,11,0.64
ES,BA,12,19,0.63
TR,PL,8,13,0.62
GR,MK,8,13,0.62
CH,SI,12,20,0.6
SE,SK,3,5,0.6
SK,TR,3,5,0.6
SI,SK,3,5,0.6
MT,AD,3,5,0.6
TR,AD,3,5,0.6
AM,IE,6,10,0.6
NO,ME,3,5,0.6
CH,ME,3,5,0.6
YU,IS,4,7,0.57
SK,ES,4,7,0.57
HU,ME,4,7,0.57
LT,BA,7,13,0.54
ME,GB,7,13,0.54
EE,ES,16,30,0.53
MD,DE,10,19,0.53
MK,DE,11,21,0.52
BA,IS,9,18,0.5
LU,SI,1,2,0.5
FI,SK,2,4,0.5
EE,CS,1,2,0.5
BY,DE,8,16,0.5
HR,AD,2,4,0.5
LT,AD,2,4,0.5
NL,BY,6,12,0.5
CS,BG,1,2,0.5
PL,MC,1,2,0.5
RS,TR,3,6,0.5
DK,GE,6,12,0.5
ME,IE,4,8,0.5
AZ,DE,8,17,0.47
PT,MK,5,11,0.45
BA,LV,5,11,0.45
EE,AL,7,16,0.44
BG,LV,4,9,0.44
AZ,IS,7,16,0.44
NL,SM,4,9,0.44
CY,TR,12,28,0.43
YU,DK,7,17,0.41
IL,BA,6,15,0.4
ES,SK,2,5,0.4
NO,AD,2,5,0.4
SE,AD,2,5,0.4
GE,BA,2,5,0.4
ME,GE,4,10,0.4
CY,BA,7,18,0.39
BY,GB,6,16,0.38
DK,BY,5,13,0.38
SI,SM,3,8,0.38
SE,SM,3,8,0.38
TR,CY,10,27,0.37
CY,MK,5,14,0.36
NO,BY,4,11,0.36
GE,IE,4,11,0.36
UA,ES,7,20,0.35
RU,SK,1,3,0.33
SK,FI,2,6,0.33
BA,LT,4,12,0.33
TR,LT,4,12,0.33
LV,BA,4,12,0.33
CS,NL,1,3,0.33
CS,IE,1,3,0.33
MC,BY,1,3,0.33
AD,ME,1,3,0.33
TR,CZ,1,3,0.33
LT,MK,4,13,0.31
SE,BY,4,13,0.31
AT,GE,3,10,0.3
AL,CZ,3,10,0.3
BE,BY,4,14,0.29
GB,BY,4,14,0.29
LV,ME,2,7,0.29
RU,PT,4,15,0.27
NO,GE,3,11,0.27
FI,ME,3,11,0.27
DE,ME,2,8,0.25
IS,ME,2,8,0.25
AM,AZ,3,12,0.25
SM,BY,1,4,0.25
MK,AD,1,5,0.2
CH,GE,2,10,0.2
NO,SM,2,11,0.18
LV,TR,2,12,0.17
AD,BA,1,6,0.17
DE,BY,2,13,0.15
CH,BY,2,13,0.15
FR,SK,1,7,0.14
EE,MK,2,15,0.13
BA,CY,2,16,0.12
EE,BA,2,17,0.12
BY,ES,2,16,0.12
HU,BA,1,10,0.1
DE,SM,1,10,0.1
LT,AL,1,17,0.06
AL,LV,1,18,0.06
MA,IE,0,1,0.0
MA,NL,0,1,0.0
MA,IT,0,1,0.0
MA,PT,0,1,0.0
MA,LU,0,1,0.0
MA,GR,0,1,0.0
MA,BE,0,1,0.0
AT,MA,0,1,0.0
BE,MA,0,1,0.0
DK,MA,0,1,0.0
FI,MA,0,1,0.0
FR,MA,0,1,0.0
DE,MA,0,1,0.0
GR,MA,0,1,0.0
IE,MA,0,1,0.0
LU,MA,0,1,0.0
NL,MA,0,1,0.0
NO,MA,0,1,0.0
PT,MA,0,1,0.0
ES,MA,0,1,0.0
SE,MA,0,1,0.0
CH,MA,0,1,0.0
TR,MA,0,1,0.0
GB,MA,0,1,0.0
MA,FI,0,1,0.0
LU,BA,0,1,0.0
BA,LU,0,1,0.0
SK,FR,0,7,0.0
CY,SK,0,5,0.0
DE,SK,0,5,0.0
HU,SK,0,3,0.0
LT,SK,0,3,0.0
NL,SK,0,6,0.0
NO,SK,0,5,0.0
CH,SK,0,3,0.0
GB,SK,0,4,0.0
TR,SK,0,3,0.0
BE,MK,0,17,0.0
ES,MK,0,14,0.0
IL,SK,0,2,0.0
CS,DE,0,3,0.0
CS,ES,0,3,0.0
MC,RU,0,3,0.0
CS,MT,0,3,0.0
AD,HR,0,6,0.0
AD,MK,0,5,0.0
CS,FR,0,3,0.0
CS,GB,0,3,0.0
MC,PL,0,3,0.0
CS,PL,0,3,0.0
CS,AT,0,2,0.0
CS,BE,0,3,0.0
AD,EE,0,6,0.0
CS,DK,0,3,0.0
CS,PT,0,3,0.0
CS,LV,0,3,0.0
AT,AD,0,3,0.0
BE,AD,0,6,0.0
BA,AD,0,6,0.0
CY,AD,0,4,0.0
DK,AD,0,4,0.0
DE,AD,0,6,0.0
LV,AD,0,4,0.0
MC,AD,0,3,0.0
RO,AD,0,6,0.0
CS,AD,0,3,0.0
CH,AD,0,5,0.0
UA,AD,0,4,0.0
GB,AD,0,5,0.0
AD,BY,0,5,0.0
CS,BY,0,3,0.0
BY,MC,0,3,0.0
BA,MC,0,3,0.0
HR,MC,0,3,0.0
IS,MC,0,3,0.0
LV,MC,0,3,0.0
LT,MC,0,3,0.0
MK,MC,0,3,0.0
RO,MC,0,3,0.0
CS,MC,0,3,0.0
SI,MC,0,3,0.0
UA,MC,0,3,0.0
MC,MD,0,2,0.0
MC,HU,0,1,0.0
AD,BG,0,4,0.0
MC,BG,0,2,0.0
BG,AD,0,4,0.0
FR,AD,0,3,0.0
HU,AD,0,2,0.0
BG,MC,0,2,0.0
HU,MC,0,1,0.0
RU,MC,0,2,0.0
MC,AM,0,1,0.0
CS,AM,0,1,0.0
AM,MC,0,1,0.0
AM,AD,0,4,0.0
AD,RS,0,2,0.0
TR,RS,0,5,0.0
AD,GE,0,2,0.0
ME,DE,0,13,0.0
GE,AD,0,1,0.0
ME,AD,0,3,0.0
RS,AD,0,1,0.0
AT,ME,0,7,0.0
BE,ME,0,10,0.0
BG,ME,0,2,0.0
EE,ME,0,8,0.0
GE,ME,0,8,0.0
IE,ME,0,8,0.0
LT,ME,0,5,0.0
PL,ME,0,8,0.0
GB,ME,0,8,0.0
AD,CZ,0,2,0.0
AZ,AM,0,15,0.0
AZ,AD,0,1,0.0
SM,AD,0,1,0.0
IE,SM,0,9,0.0
AZ,SK,0,1,0.0
DK,SK,0,2,0.0
LV,SK,0,3,0.0
SK,LV,0,3,0.0
SK,GE,0,3,0.0
LT,SM,0,8,0.0
SK,BG,0,2,0.0
BG,SK,0,2,0.0
IT,SK,0,1,0.0
GE,SK,0,1,0.0
AM,LU,0,2,0.0
CZ,LU,0,2,0.0
EE,LU,0,2,0.0
GE,LU,0,2,0.0
SM,LU,0,2,0.0
LU,GE,0,2,0.0
LU,MD,0,1,0.0
LU,AZ,0,1,0.0
LU,SM,0,1,0.0
LU,ME,0,1,0.0
