Source,Target,AvgJuryPts,AvgPublicPts,Divergence,Encounters,DivergenceDirection
IE,PL,0.0,13.8,13.8,5,PublicFavours
IE,LT,1.44,14.33,12.89,9,PublicFavours
CH,AL,0.71,13.43,12.71,7,PublicFavours
LT,RU,1.67,14.0,12.33,3,PublicFavours
RU,UA,3.67,15.67,12.0,3,PublicFavours
PT,MD,3.4,15.2,11.8,5,PublicFavours
EE,RU,2.33,14.0,11.67,3,PublicFavours
FR,MD,0.17,11.83,11.67,6,PublicFavours
SI,RS,3.43,15.0,11.57,7,PublicFavours
ME,SI,0.67,12.0,11.33,3,PublicFavours
GB,PL,3.33,14.5,11.17,6,PublicFavours
FI,EE,1.88,13.0,11.12,8,PublicFavours
CZ,RU,0.67,11.67,11.0,3,PublicFavours
LV,RU,3.75,14.5,10.75,4,PublicFavours
DE,PL,0.67,11.17,10.5,6,PublicFavours
CH,RS,1.62,12.12,10.5,8,PublicFavours
RS,HU,7.0,17.5,10.5,4,PublicFavours
IL,RU,4.33,14.67,10.33,3,PublicFavours
BE,PL,2.33,12.33,10.0,6,PublicFavours
FR,RO,0.33,10.33,10.0,3,PublicFavours
IT,UA,5.0,14.88,9.88,8,PublicFavours
GB,LT,3.25,13.12,9.88,8,PublicFavours
NO,LT,2.22,11.89,9.67,9,PublicFavours
NL,HU,1.0,10.67,9.67,3,PublicFavours
BG,UA,1.0,10.6,9.6,5,PublicFavours
IT,RO,0.4,10.0,9.6,5,PublicFavours
UA,MD,1.2,10.4,9.2,5,PublicFavours
RU,MT,11.5,2.5,9.0,4,JuryFavours
IT,MD,4.83,13.83,9.0,6,PublicFavours
RU,NO,3.33,12.33,9.0,3,PublicFavours
IT,AL,1.88,10.75,8.88,8,PublicFavours
PL,AU,15.17,6.33,8.83,6,JuryFavours
EE,BG,13.5,4.75,8.75,4,JuryFavours
ES,BG,4.5,13.25,8.75,4,PublicFavours
IT,MT,10.2,1.6,8.6,5,JuryFavours
IT,RU,1.25,9.75,8.5,4,PublicFavours
GR,AZ,9.33,0.83,8.5,6,JuryFavours
MK,AL,9.0,17.5,8.5,4,PublicFavours
SE,DK,1.75,10.25,8.5,4,PublicFavours
AT,MT,8.8,0.4,8.4,5,JuryFavours
ME,GR,10.2,1.8,8.4,5,JuryFavours
UA,RU,0.0,8.33,8.33,3,PublicFavours
BG,MK,0.0,8.33,8.33,3,PublicFavours
CY,BG,4.5,12.75,8.25,4,PublicFavours
FI,BG,12.0,3.75,8.25,4,JuryFavours
CZ,MD,1.5,9.67,8.17,6,PublicFavours
MD,AU,9.67,1.67,8.0,6,JuryFavours
ES,AU,10.67,2.67,8.0,6,JuryFavours
RS,RU,0.25,8.25,8.0,4,PublicFavours
DE,SE,11.67,3.67,8.0,9,JuryFavours
ME,AM,8.75,0.75,8.0,4,JuryFavours
SI,MK,2.0,10.0,8.0,3,PublicFavours
GE,SM,0.2,8.2,8.0,5,PublicFavours
GE,AM,4.83,12.67,7.83,6,PublicFavours
UA,PL,1.17,9.0,7.83,6,PublicFavours
SE,MT,9.83,2.0,7.83,6,JuryFavours
SI,HR,3.5,11.33,7.83,6,PublicFavours
GB,IE,2.6,10.4,7.8,5,PublicFavours
PL,UA,6.0,13.75,7.75,8,PublicFavours
GB,MK,7.75,0.0,7.75,4,JuryFavours
SM,RO,0.0,7.67,7.67,3,PublicFavours
CZ,UA,3.5,11.12,7.62,8,PublicFavours
LT,EE,2.29,9.86,7.57,7,PublicFavours
HU,AU,10.25,2.75,7.5,4,JuryFavours
IE,BG,14.75,7.25,7.5,4,JuryFavours
SE,PL,0.33,7.83,7.5,6,PublicFavours
FR,NL,9.29,1.86,7.43,7,JuryFavours
EE,FI,6.75,14.12,7.38,8,PublicFavours
BY,MT,7.33,0.0,7.33,3,JuryFavours
DE,HU,0.33,7.67,7.33,3,PublicFavours
HU,MD,0.0,7.33,7.33,3,PublicFavours
CH,NL,10.0,2.71,7.29,7,JuryFavours
DE,RU,2.25,9.5,7.25,4,PublicFavours
IS,PL,0.0,7.14,7.14,7,PublicFavours
BY,UA,4.67,11.67,7.0,3,PublicFavours
SE,AU,11.43,4.43,7.0,7,JuryFavours
NO,PL,1.0,8.0,7.0,6,PublicFavours
ME,MT,8.0,1.0,7.0,5,JuryFavours
ES,AZ,7.17,0.17,7.0,6,JuryFavours
BG,CY,1.5,8.5,7.0,4,PublicFavours
MK,HR,4.0,11.0,7.0,5,PublicFavours
RU,GR,8.0,1.0,7.0,3,JuryFavours
RO,NL,11.2,4.2,7.0,5,JuryFavours
PT,CZ,8.17,1.17,7.0,6,JuryFavours
LV,MD,2.83,9.67,6.83,6,PublicFavours
CH,BG,10.4,3.6,6.8,5,JuryFavours
BG,AT,10.0,3.2,6.8,5,JuryFavours
FR,GR,8.0,1.29,6.71,7,JuryFavours
UA,NL,8.17,1.5,6.67,6,JuryFavours
AT,HU,2.67,9.33,6.67,3,PublicFavours
RS,RO,0.33,7.0,6.67,3,PublicFavours
ES,UA,0.25,6.88,6.62,8,PublicFavours
AT,RS,1.0,7.62,6.62,8,PublicFavours
MD,AZ,5.6,12.2,6.6,5,PublicFavours
GE,RU,0.0,6.5,6.5,4,PublicFavours
CZ,AZ,2.67,9.17,6.5,6,PublicFavours
NO,IS,1.0,7.5,6.5,4,PublicFavours
CZ,SE,9.89,3.44,6.44,9,JuryFavours
CY,UA,1.0,7.38,6.38,8,PublicFavours
HR,RS,4.25,10.62,6.38,8,PublicFavours
UA,AU,8.33,2.0,6.33,6,JuryFavours
BG,MT,6.33,0.0,6.33,3,JuryFavours
IL,LV,6.33,0.0,6.33,3,JuryFavours
BG,HU,0.0,6.33,6.33,3,PublicFavours
DK,MK,6.67,0.33,6.33,3,JuryFavours
BY,AL,6.33,0.0,6.33,3,JuryFavours
SI,ME,0.33,6.67,6.33,3,PublicFavours
BG,FI,0.67,7.0,6.33,3,PublicFavours
SM,HU,1.25,7.5,6.25,4,PublicFavours
PT,BG,9.5,3.25,6.25,4,JuryFavours
AZ,IL,4.22,10.44,6.22,9,PublicFavours
GB,AU,10.33,4.17,6.17,6,JuryFavours
IT,PL,0.5,6.67,6.17,6,PublicFavours
IE,BE,8.83,2.67,6.17,6,JuryFavours
BE,AT,9.33,3.17,6.17,6,JuryFavours
AZ,AL,8.5,2.33,6.17,6,JuryFavours
HU,UA,0.0,6.0,6.0,3,PublicFavours
RU,AT,0.0,6.0,6.0,3,PublicFavours
MT,HU,1.0,7.0,6.0,3,PublicFavours
GR,ME,6.0,0.0,6.0,3,JuryFavours
AL,MK,14.67,8.67,6.0,3,JuryFavours
ME,RO,6.0,0.0,6.0,3,JuryFavours
PT,UA,4.43,10.43,6.0,7,PublicFavours
NL,CH,10.29,4.29,6.0,7,JuryFavours
DK,IS,5.75,11.75,6.0,4,PublicFavours
AT,UA,0.75,6.62,5.88,8,PublicFavours
CH,HR,1.14,7.0,5.86,7,PublicFavours
FR,AM,7.0,12.83,5.83,6,PublicFavours
LV,LT,6.75,12.5,5.75,8,PublicFavours
HU,SM,0.0,5.75,5.75,4,PublicFavours
HU,RU,3.33,9.0,5.67,3,PublicFavours
FI,SE,12.67,7.0,5.67,9,JuryFavours
BY,AT,7.0,1.33,5.67,3,JuryFavours
HU,CZ,10.67,5.0,5.67,3,JuryFavours
IT,DK,8.17,2.5,5.67,6,JuryFavours
AT,RO,0.0,5.67,5.67,3,PublicFavours
SM,UA,2.38,8.0,5.62,8,PublicFavours
AZ,NO,0.0,5.62,5.62,8,PublicFavours
GE,MD,1.2,6.8,5.6,5,PublicFavours
RO,MT,8.0,2.4,5.6,5,JuryFavours
LV,EE,4.14,9.71,5.57,7,PublicFavours
IE,SE,9.44,3.89,5.56,9,JuryFavours
MK,AU,6.67,1.17,5.5,6,JuryFavours
HU,CY,0.5,6.0,5.5,4,PublicFavours
IS,MD,0.0,5.5,5.5,6,PublicFavours
RO,MK,7.0,1.5,5.5,4,JuryFavours
GE,CH,6.86,1.43,5.43,7,JuryFavours
LT,LV,7.0,12.4,5.4,5,PublicFavours
IT,AZ,7.4,2.0,5.4,5,JuryFavours
SE,AZ,7.8,2.4,5.4,5,JuryFavours
UA,LT,4.5,9.88,5.38,8,PublicFavours
GE,BY,1.0,6.33,5.33,3,PublicFavours
DK,NO,6.56,11.89,5.33,9,PublicFavours
RO,MD,8.67,14.0,5.33,6,PublicFavours
HR,SI,3.33,8.67,5.33,6,PublicFavours
RU,RO,5.33,0.0,5.33,3,JuryFavours
BE,AU,9.86,4.57,5.29,7,JuryFavours
BY,HU,0.5,5.75,5.25,4,PublicFavours
SE,FI,4.5,9.75,5.25,8,PublicFavours
CZ,MT,5.4,0.2,5.2,5,JuryFavours
CZ,SI,7.0,1.8,5.2,5,JuryFavours
FI,AU,11.0,5.83,5.17,6,JuryFavours
GE,AU,6.33,1.17,5.17,6,JuryFavours
CH,AU,6.33,1.17,5.17,6,JuryFavours
GE,BE,6.5,1.33,5.17,6,JuryFavours
IS,DK,0.83,6.0,5.17,6,PublicFavours
BE,NL,3.29,8.43,5.14,7,PublicFavours
SI,NL,6.57,1.43,5.14,7,JuryFavours
DE,MT,6.29,1.14,5.14,7,JuryFavours
IE,UA,2.12,7.25,5.12,8,PublicFavours
BY,LT,10.67,5.67,5.0,3,JuryFavours
LT,NL,8.0,3.0,5.0,7,JuryFavours
SI,CZ,7.17,2.17,5.0,6,JuryFavours
SM,ME,5.0,0.0,5.0,4,JuryFavours
FI,IS,4.14,9.14,5.0,7,PublicFavours
DE,MK,6.2,1.2,5.0,5,JuryFavours
PL,MD,1.4,6.4,5.0,5,PublicFavours
SE,NO,6.0,11.0,5.0,8,PublicFavours
AT,MK,6.67,1.67,5.0,3,JuryFavours
CZ,MK,5.67,0.67,5.0,3,JuryFavours
SE,CH,9.17,4.17,5.0,6,JuryFavours
GE,UA,6.88,11.75,4.88,8,PublicFavours
HR,IL,7.25,2.38,4.88,8,JuryFavours
MT,AM,5.43,0.57,4.86,7,JuryFavours
SI,CH,6.71,1.86,4.86,7,JuryFavours
NL,PL,0.83,5.67,4.83,6,PublicFavours
NL,MT,7.33,2.5,4.83,6,JuryFavours
MK,RS,10.17,15.0,4.83,6,PublicFavours
BG,BE,7.6,2.8,4.8,5,JuryFavours
CY,MT,7.8,3.0,4.8,5,JuryFavours
GB,GE,5.0,0.2,4.8,5,JuryFavours
BE,MD,0.2,5.0,4.8,5,PublicFavours
CY,SE,8.11,3.33,4.78,9,JuryFavours
GE,SE,8.0,3.22,4.78,9,JuryFavours
FR,UA,3.88,8.62,4.75,8,PublicFavours
NO,MK,5.0,0.25,4.75,4,JuryFavours
CZ,PT,7.12,2.38,4.75,8,JuryFavours
IE,RO,3.0,7.75,4.75,4,PublicFavours
DE,AU,9.0,4.29,4.71,7,JuryFavours
SM,IL,1.33,6.0,4.67,9,PublicFavours
IT,MK,5.67,1.0,4.67,3,JuryFavours
UA,IS,2.67,7.33,4.67,3,PublicFavours
AL,BG,7.6,12.2,4.6,5,PublicFavours
IT,BE,8.0,3.4,4.6,5,JuryFavours
SE,BE,3.2,7.8,4.6,5,PublicFavours
RS,SI,5.4,10.0,4.6,5,PublicFavours
IT,IE,5.2,0.6,4.6,5,JuryFavours
IL,MD,0.6,5.2,4.6,5,PublicFavours
GE,CZ,5.29,0.71,4.57,7,JuryFavours
HR,PT,6.14,1.57,4.57,7,JuryFavours
IS,AU,10.67,6.17,4.5,6,JuryFavours
AL,AM,5.75,1.25,4.5,8,JuryFavours
HU,MT,5.5,1.0,4.5,4,JuryFavours
MD,MT,6.5,2.0,4.5,4,JuryFavours
BY,IL,2.0,6.5,4.5,4,PublicFavours
AZ,GR,5.0,0.5,4.5,8,JuryFavours
LT,BY,0.75,5.25,4.5,4,PublicFavours
RO,AU,6.5,2.0,4.5,6,JuryFavours
EE,CH,7.62,3.12,4.5,8,JuryFavours
IL,BE,7.14,2.71,4.43,7,JuryFavours
CZ,NL,5.43,1.0,4.43,7,JuryFavours
GE,NL,5.29,0.86,4.43,7,JuryFavours
NO,NL,9.29,4.86,4.43,7,JuryFavours
LV,CH,7.0,2.57,4.43,7,JuryFavours
ME,UA,3.2,7.6,4.4,5,PublicFavours
UA,BE,7.4,3.0,4.4,5,JuryFavours
BG,NL,5.2,0.8,4.4,5,JuryFavours
FI,MT,4.4,0.0,4.4,5,JuryFavours
ES,MT,5.2,0.8,4.4,5,JuryFavours
BG,RS,3.0,7.4,4.4,5,PublicFavours
SI,MD,2.2,6.6,4.4,5,PublicFavours
PL,IS,4.2,8.6,4.4,5,PublicFavours
GE,PT,6.62,2.25,4.38,8,JuryFavours
CH,EE,5.0,0.62,4.38,8,JuryFavours
LV,AU,8.0,3.67,4.33,6,JuryFavours
AT,RU,3.67,8.0,4.33,3,PublicFavours
IL,SE,7.44,3.11,4.33,9,JuryFavours
FR,MT,4.33,0.0,4.33,6,JuryFavours
BE,CZ,7.67,3.33,4.33,6,JuryFavours
SE,IS,1.5,5.83,4.33,6,PublicFavours
PL,MK,4.33,0.0,4.33,3,JuryFavours
CY,RO,3.33,7.67,4.33,3,PublicFavours
GB,RO,1.67,6.0,4.33,3,PublicFavours
AT,BY,4.67,0.33,4.33,3,JuryFavours
DE,FI,0.17,4.5,4.33,6,PublicFavours
CY,AU,6.71,2.43,4.29,7,JuryFavours
DK,PL,0.14,4.43,4.29,7,PublicFavours
GB,PT,7.71,3.43,4.29,7,JuryFavours
FI,UA,1.0,5.25,4.25,8,PublicFavours
IL,BG,6.25,10.5,4.25,4,PublicFavours
IE,LV,1.25,5.5,4.25,4,PublicFavours
CZ,HU,7.0,2.75,4.25,4,JuryFavours
FI,HU,0.25,4.5,4.25,4,PublicFavours
DK,CH,8.75,4.5,4.25,8,JuryFavours
RS,SE,7.22,3.0,4.22,9,JuryFavours
GB,SE,8.22,4.0,4.22,9,JuryFavours
LV,MT,4.6,0.4,4.2,5,JuryFavours
HR,CZ,8.6,4.4,4.2,5,JuryFavours
RS,MD,3.2,7.4,4.2,5,PublicFavours
IL,AT,8.5,4.33,4.17,6,JuryFavours
AM,CY,8.17,12.33,4.17,6,PublicFavours
GE,LT,2.57,6.71,4.14,7,PublicFavours
GR,CY,14.71,18.86,4.14,7,PublicFavours
PT,IL,0.43,4.57,4.14,7,PublicFavours
HR,UA,3.62,7.75,4.12,8,PublicFavours
AM,SE,8.5,4.38,4.12,8,JuryFavours
GB,AT,4.12,0.0,4.12,8,JuryFavours
AL,CH,9.25,5.12,4.12,8,JuryFavours
AT,SE,6.67,2.56,4.11,9,JuryFavours
NL,SE,9.56,5.44,4.11,9,JuryFavours
NL,UA,3.5,7.5,4.0,8,PublicFavours
LT,AU,5.57,1.57,4.0,7,JuryFavours
ME,RU,8.67,12.67,4.0,3,PublicFavours
SM,RU,5.0,9.0,4.0,4,PublicFavours
IT,BG,0.4,4.4,4.0,5,PublicFavours
BY,AM,2.33,6.33,4.0,3,PublicFavours
AT,PL,0.0,4.0,4.0,6,PublicFavours
CY,LT,0.43,4.43,4.0,7,PublicFavours
PL,NL,5.57,1.57,4.0,7,JuryFavours
AL,MT,4.0,0.0,4.0,4,JuryFavours
IE,AT,5.86,1.86,4.0,7,JuryFavours
CH,IT,5.0,9.0,4.0,9,PublicFavours
ME,RS,17.0,21.0,4.0,4,PublicFavours
IT,HU,0.0,4.0,4.0,3,PublicFavours
PL,HU,3.75,7.75,4.0,4,PublicFavours
DE,GE,5.25,1.25,4.0,4,JuryFavours
AL,HR,1.14,5.14,4.0,7,PublicFavours
AT,HR,4.29,8.29,4.0,7,PublicFavours
DE,HR,2.67,6.67,4.0,6,PublicFavours
IL,CZ,4.4,8.4,4.0,5,PublicFavours
AZ,SM,0.6,4.6,4.0,5,PublicFavours
MT,ME,4.0,0.0,4.0,3,JuryFavours
UA,NO,1.62,5.62,4.0,8,PublicFavours
CH,IE,5.6,1.6,4.0,5,JuryFavours
NL,PT,7.43,3.43,4.0,7,JuryFavours
IL,RO,2.33,6.33,4.0,3,PublicFavours
MT,NO,2.75,6.75,4.0,8,PublicFavours
PT,AZ,5.6,1.6,4.0,5,JuryFavours
RO,IL,1.83,5.83,4.0,6,PublicFavours
HR,AL,1.67,5.67,4.0,6,PublicFavours
UA,FI,0.0,4.0,4.0,6,PublicFavours
IT,SE,5.44,1.56,3.89,9,JuryFavours
CH,LT,4.44,0.56,3.89,9,JuryFavours
SE,LT,1.5,5.38,3.88,8,PublicFavours
LT,IL,5.88,2.0,3.88,8,JuryFavours
FR,RS,1.12,5.0,3.88,8,PublicFavours
BE,CH,5.75,1.88,3.88,8,JuryFavours
LV,NL,6.14,2.29,3.86,7,JuryFavours
RS,NL,4.29,0.43,3.86,7,JuryFavours
LT,PT,7.71,3.86,3.86,7,JuryFavours
IS,AL,3.86,0.0,3.86,7,JuryFavours
EE,AZ,4.0,0.17,3.83,6,JuryFavours
EE,MD,0.0,3.83,3.83,6,PublicFavours
GR,MD,9.67,5.83,3.83,6,JuryFavours
DK,MD,0.83,4.67,3.83,6,PublicFavours
RO,NO,0.67,4.5,3.83,6,PublicFavours
PT,LT,6.0,2.17,3.83,6,JuryFavours
MD,BG,8.4,4.6,3.8,5,JuryFavours
AZ,PL,5.0,1.2,3.8,5,JuryFavours
HR,MT,5.8,2.0,3.8,5,JuryFavours
RS,AZ,4.6,0.8,3.8,5,JuryFavours
PT,LV,3.8,0.0,3.8,5,JuryFavours
FR,SE,4.67,0.89,3.78,9,JuryFavours
ES,FI,1.0,4.78,3.78,9,PublicFavours
LT,CH,6.44,2.67,3.78,9,JuryFavours
AU,UA,3.25,7.0,3.75,8,PublicFavours
MD,RU,12.25,16.0,3.75,4,PublicFavours
SE,RU,9.25,5.5,3.75,4,JuryFavours
SM,BG,4.5,8.25,3.75,4,PublicFavours
GR,MT,4.75,1.0,3.75,4,JuryFavours
LT,AT,6.12,2.38,3.75,8,JuryFavours
ES,HU,5.0,1.25,3.75,4,JuryFavours
RS,HR,5.75,9.5,3.75,4,PublicFavours
RO,AT,4.75,1.0,3.75,4,JuryFavours
PL,FI,1.25,5.0,3.75,8,PublicFavours
EE,SI,0.0,3.75,3.75,4,PublicFavours
CZ,AM,2.29,6.0,3.71,7,PublicFavours
SM,MT,3.71,0.0,3.71,7,JuryFavours
MD,IL,1.86,5.57,3.71,7,PublicFavours
GB,FI,3.14,6.86,3.71,7,PublicFavours
DK,AU,9.0,5.33,3.67,6,JuryFavours
EE,AU,7.33,3.67,3.67,6,JuryFavours
FR,AU,6.83,3.17,3.67,6,JuryFavours
FI,RU,3.33,7.0,3.67,3,PublicFavours
ME,BG,1.33,5.0,3.67,3,PublicFavours
AU,SE,10.67,7.0,3.67,9,JuryFavours
HR,LT,5.0,1.33,3.67,9,JuryFavours
SI,BE,8.17,4.5,3.67,6,JuryFavours
AM,MT,13.0,9.33,3.67,3,JuryFavours
IE,MT,7.17,3.5,3.67,6,JuryFavours
MK,IL,6.17,2.5,3.67,6,JuryFavours
MD,PT,7.0,3.33,3.67,6,JuryFavours
RO,IT,3.17,6.83,3.67,6,PublicFavours
CH,RO,0.0,3.67,3.67,3,PublicFavours
CY,BY,0.0,3.67,3.67,3,PublicFavours
AT,AM,5.5,1.88,3.62,8,JuryFavours
AZ,CY,2.12,5.75,3.62,8,PublicFavours
ME,AU,5.8,2.2,3.6,5,JuryFavours
MK,MT,8.2,4.6,3.6,5,JuryFavours
BE,GE,3.6,0.0,3.6,5,JuryFavours
PT,AU,6.4,2.8,3.6,5,JuryFavours
IT,AU,4.86,1.29,3.57,7,JuryFavours
BE,AM,0.86,4.43,3.57,7,PublicFavours
CZ,PL,2.71,6.29,3.57,7,PublicFavours
AT,NL,9.43,5.86,3.57,7,JuryFavours
DK,LV,4.71,1.14,3.57,7,JuryFavours
CZ,IL,2.67,6.22,3.56,9,PublicFavours
NL,RU,8.25,4.75,3.5,4,JuryFavours
BY,SE,4.75,1.25,3.5,4,JuryFavours
CY,AZ,7.17,3.67,3.5,6,JuryFavours
EE,HU,3.25,6.75,3.5,4,PublicFavours
IL,HU,5.5,2.0,3.5,4,JuryFavours
BY,CY,6.0,2.5,3.5,4,JuryFavours
CY,HR,4.83,1.33,3.5,6,JuryFavours
BG,CZ,5.0,1.5,3.5,4,JuryFavours
FR,CZ,4.0,0.5,3.5,6,JuryFavours
GR,SM,6.5,3.0,3.5,4,JuryFavours
BG,AL,4.75,1.25,3.5,4,JuryFavours
MK,DK,3.5,0.0,3.5,4,JuryFavours
LT,MD,0.17,3.67,3.5,6,PublicFavours
AU,RO,0.0,3.5,3.5,4,PublicFavours
FI,NO,0.88,4.38,3.5,8,PublicFavours
DK,GR,4.0,0.5,3.5,6,JuryFavours
AZ,MK,6.0,2.5,3.5,4,JuryFavours
IS,FI,3.22,6.67,3.44,9,PublicFavours
SI,NO,1.56,5.0,3.44,9,PublicFavours
GB,NO,0.67,4.11,3.44,9,PublicFavours
SI,LT,4.43,1.0,3.43,7,JuryFavours
AT,MD,0.29,3.71,3.43,7,PublicFavours
AL,GR,7.57,11.0,3.43,7,PublicFavours
GR,AL,7.29,10.71,3.43,7,PublicFavours
PT,AL,3.86,0.43,3.43,7,JuryFavours
ES,CH,7.86,4.43,3.43,7,JuryFavours
NO,BG,9.6,6.2,3.4,5,JuryFavours
FR,AT,5.88,2.5,3.38,8,JuryFavours
PT,ES,3.0,6.38,3.38,8,PublicFavours
AZ,RU,24.0,20.67,3.33,3,JuryFavours
BE,RU,6.33,3.0,3.33,3,JuryFavours
IE,RU,3.67,7.0,3.33,3,PublicFavours
NO,MT,5.67,2.33,3.33,6,JuryFavours
SI,LV,3.33,0.0,3.33,6,JuryFavours
AL,AZ,6.17,2.83,3.33,6,JuryFavours
NO,HU,0.67,4.0,3.33,3,PublicFavours
AZ,ME,5.0,1.67,3.33,3,JuryFavours
LV,BY,1.0,4.33,3.33,3,PublicFavours
PL,BY,1.33,4.67,3.33,3,PublicFavours
IE,MD,0.0,3.33,3.33,6,PublicFavours
BE,RO,1.67,5.0,3.33,3,PublicFavours
HU,DK,11.33,8.0,3.33,3,JuryFavours
RU,AL,3.33,0.0,3.33,3,JuryFavours
CZ,IE,8.33,5.0,3.33,3,JuryFavours
ES,IE,5.67,9.0,3.33,3,PublicFavours
SM,NL,6.0,2.71,3.29,7,JuryFavours
SE,AT,5.29,2.0,3.29,7,JuryFavours
UA,PT,5.29,2.0,3.29,7,JuryFavours
GR,UA,1.0,4.25,3.25,8,PublicFavours
RU,SE,6.25,3.0,3.25,4,JuryFavours
HU,NL,10.75,7.5,3.25,4,JuryFavours
HU,RS,4.25,1.0,3.25,4,JuryFavours
HR,NO,1.5,4.75,3.25,8,PublicFavours
CY,IL,4.22,7.44,3.22,9,PublicFavours
CZ,GB,3.44,0.22,3.22,9,JuryFavours
IE,CH,5.89,2.67,3.22,9,JuryFavours
AT,BG,9.0,5.8,3.2,5,JuryFavours
IS,BG,4.8,1.6,3.2,5,JuryFavours
BG,LT,4.8,1.6,3.2,5,JuryFavours
AU,DK,3.0,6.2,3.2,5,PublicFavours
RO,PT,4.6,1.4,3.2,5,JuryFavours
IE,AZ,3.67,0.5,3.17,6,JuryFavours
GB,AZ,4.83,1.67,3.17,6,JuryFavours
FI,MD,1.5,4.67,3.17,6,PublicFavours
CY,AL,3.17,0.0,3.17,6,JuryFavours
IT,AM,4.86,1.71,3.14,7,JuryFavours
BE,LT,0.71,3.86,3.14,7,PublicFavours
FI,NL,5.0,1.86,3.14,7,JuryFavours
DE,NL,7.57,4.43,3.14,7,JuryFavours
AT,PT,6.0,2.86,3.14,7,JuryFavours
FI,CH,7.71,4.57,3.14,7,JuryFavours
SI,UA,5.12,8.25,3.12,8,PublicFavours
FR,PT,6.75,9.88,3.12,8,PublicFavours
GR,NO,0.12,3.25,3.12,8,PublicFavours
LV,SE,8.78,5.67,3.11,9,JuryFavours
BE,FR,3.67,6.78,3.11,9,PublicFavours
IL,UA,7.5,10.5,3.0,8,PublicFavours
PL,RU,0.25,3.25,3.0,4,PublicFavours
BE,SE,8.44,5.44,3.0,9,JuryFavours
SI,SE,6.33,3.33,3.0,9,JuryFavours
CH,SE,6.22,3.22,3.0,9,JuryFavours
BY,PL,2.67,5.67,3.0,3,PublicFavours
LT,PL,1.2,4.2,3.0,5,PublicFavours
SI,MT,4.0,1.0,3.0,5,JuryFavours
AZ,AT,0.0,3.0,3.0,7,PublicFavours
CH,LV,3.0,0.0,3.0,6,JuryFavours
HU,AZ,7.67,4.67,3.0,3,JuryFavours
CZ,RS,1.43,4.43,3.0,7,PublicFavours
MT,RS,0.38,3.38,3.0,8,PublicFavours
AM,HU,0.0,3.0,3.0,3,PublicFavours
SE,HU,0.0,3.0,3.0,3,PublicFavours
SE,CY,4.88,1.88,3.0,8,JuryFavours
SM,HR,1.25,4.25,3.0,4,PublicFavours
NL,MD,1.57,4.57,3.0,7,PublicFavours
AU,MK,4.0,1.0,3.0,4,JuryFavours
RS,MK,7.5,10.5,3.0,4,PublicFavours
BY,SI,1.33,4.33,3.0,3,PublicFavours
DE,AL,0.0,3.0,3.0,6,PublicFavours
NO,DK,5.0,8.0,3.0,6,PublicFavours
AM,PT,7.83,4.83,3.0,6,JuryFavours
DE,MD,0.67,3.67,3.0,6,PublicFavours
PT,BE,6.5,3.5,3.0,6,JuryFavours
DK,RO,0.0,3.0,3.0,4,PublicFavours
MK,RO,3.75,0.75,3.0,4,JuryFavours
PL,RO,1.0,4.0,3.0,3,PublicFavours
HR,BY,4.0,1.0,3.0,3,JuryFavours
PL,GR,3.33,0.33,3.0,6,JuryFavours
PT,CY,0.33,3.33,3.0,6,PublicFavours
MK,EE,5.0,2.0,3.0,4,JuryFavours
IS,CH,7.14,4.14,3.0,7,JuryFavours
FI,MK,3.0,0.0,3.0,3,JuryFavours
AL,FR,5.22,2.33,2.89,9,JuryFavours
DK,UA,4.5,7.38,2.88,8,PublicFavours
EE,UA,3.5,6.38,2.88,8,PublicFavours
LT,UA,9.25,12.12,2.88,8,PublicFavours
EE,LT,4.0,6.88,2.88,8,PublicFavours
ES,GR,3.5,0.62,2.88,8,JuryFavours
IS,NO,3.88,6.75,2.88,8,PublicFavours
HR,CH,5.75,2.88,2.88,8,JuryFavours
AM,UA,2.86,5.71,2.86,7,PublicFavours
NL,AM,2.29,5.14,2.86,7,PublicFavours
ES,AT,5.43,2.57,2.86,7,JuryFavours
PT,AT,4.57,1.71,2.86,7,JuryFavours
CH,GR,5.0,2.14,2.86,7,JuryFavours
AL,FI,1.29,4.14,2.86,7,PublicFavours
SE,CZ,4.83,2.0,2.83,6,JuryFavours
CH,CZ,3.33,0.5,2.83,6,JuryFavours
RO,SE,8.0,5.17,2.83,6,JuryFavours
LT,FI,0.83,3.67,2.83,6,PublicFavours
LV,BG,5.4,2.6,2.8,5,JuryFavours
DE,LV,3.4,0.6,2.8,5,JuryFavours
ME,CY,2.8,5.6,2.8,5,PublicFavours
NO,RO,0.8,3.6,2.8,5,PublicFavours
SM,DK,1.0,3.8,2.8,5,PublicFavours
GE,IL,2.56,5.33,2.78,9,PublicFavours
AL,IT,7.22,10.0,2.78,9,PublicFavours
AL,NO,0.89,3.67,2.78,9,PublicFavours
AU,NO,1.56,4.33,2.78,9,PublicFavours
LV,UA,8.25,11.0,2.75,8,PublicFavours
SE,UA,3.25,6.0,2.75,8,PublicFavours
BY,AU,7.75,5.0,2.75,4,JuryFavours
FR,PL,1.62,4.38,2.75,8,PublicFavours
RU,NL,0.25,3.0,2.75,4,PublicFavours
FR,IL,7.12,9.88,2.75,8,PublicFavours
HU,IL,1.75,4.5,2.75,4,PublicFavours
SI,HU,2.0,4.75,2.75,4,PublicFavours
FI,GR,3.0,0.25,2.75,8,JuryFavours
SI,AL,0.5,3.25,2.75,8,PublicFavours
NO,CH,6.0,3.25,2.75,8,JuryFavours
NL,NO,5.0,7.75,2.75,8,PublicFavours
LV,AM,3.71,1.0,2.71,7,JuryFavours
IT,NL,4.71,2.0,2.71,7,JuryFavours
SE,RS,0.57,3.29,2.71,7,PublicFavours
ES,IS,2.57,5.29,2.71,7,PublicFavours
AM,FI,3.71,1.0,2.71,7,JuryFavours
MT,GR,3.0,0.29,2.71,7,JuryFavours
AZ,PT,5.0,2.29,2.71,7,JuryFavours
AL,AU,6.0,3.33,2.67,6,JuryFavours
GR,AU,5.33,2.67,2.67,6,JuryFavours
CY,RU,16.0,13.33,2.67,3,JuryFavours
BY,BG,11.33,14.0,2.67,3,PublicFavours
IE,FR,3.89,1.22,2.67,9,JuryFavours
SE,FR,4.56,1.89,2.67,9,JuryFavours
SI,AM,2.67,0.0,2.67,6,JuryFavours
CH,PL,0.0,2.67,2.67,6,PublicFavours
HU,LT,2.67,0.0,2.67,3,JuryFavours
HU,BE,0.0,2.67,2.67,3,PublicFavours
SM,BE,3.67,1.0,2.67,6,JuryFavours
GE,IT,5.67,3.0,2.67,9,JuryFavours
IE,HU,0.0,2.67,2.67,3,PublicFavours
MD,ME,0.0,2.67,2.67,3,PublicFavours
RU,FI,0.0,2.67,2.67,3,PublicFavours
SI,BY,3.33,0.67,2.67,3,JuryFavours
PL,DK,0.83,3.5,2.67,6,PublicFavours
AM,BY,0.67,3.33,2.67,3,PublicFavours
AZ,BY,8.33,5.67,2.67,3,JuryFavours
BY,GR,2.67,0.0,2.67,3,JuryFavours
LV,GR,2.83,0.17,2.67,6,JuryFavours
RU,SI,0.0,2.67,2.67,3,PublicFavours
SE,MK,0.0,2.67,2.67,3,PublicFavours
EE,CY,4.75,2.12,2.62,8,JuryFavours
SM,CY,3.62,6.25,2.62,8,PublicFavours
IS,PT,7.12,4.5,2.62,8,JuryFavours
ES,NO,0.25,2.88,2.62,8,PublicFavours
FR,AZ,2.6,0.0,2.6,5,JuryFavours
DE,AZ,3.8,1.2,2.6,5,JuryFavours
UA,GR,2.8,0.2,2.6,5,JuryFavours
MD,UA,9.57,12.14,2.57,7,PublicFavours
AZ,AU,4.43,1.86,2.57,7,JuryFavours
NO,AU,6.57,4.0,2.57,7,JuryFavours
HR,NL,5.71,3.14,2.57,7,JuryFavours
AM,EE,1.86,4.43,2.57,7,PublicFavours
PL,CH,6.57,4.0,2.57,7,JuryFavours
UA,CH,5.57,3.0,2.57,7,JuryFavours
CH,PT,7.14,9.71,2.57,7,PublicFavours
GB,EE,4.57,2.0,2.57,7,JuryFavours
CZ,FR,3.22,0.67,2.56,9,JuryFavours
PL,NO,1.11,3.67,2.56,9,PublicFavours
NO,UA,4.62,7.12,2.5,8,PublicFavours
BE,BG,7.5,5.0,2.5,4,JuryFavours
UA,SE,5.5,3.0,2.5,8,JuryFavours
ME,AZ,4.5,7.0,2.5,4,PublicFavours
MK,CZ,3.0,5.5,2.5,4,PublicFavours
RU,MD,11.75,9.25,2.5,4,JuryFavours
CZ,EE,2.25,4.75,2.5,8,PublicFavours
BY,MK,2.5,0.0,2.5,4,JuryFavours
IL,BY,1.75,4.25,2.5,4,PublicFavours
SI,DK,0.67,3.17,2.5,6,PublicFavours
PL,PT,6.0,3.5,2.5,8,JuryFavours
HR,RO,0.75,3.25,2.5,4,PublicFavours
MD,RO,9.0,11.5,2.5,4,PublicFavours
PT,FR,1.88,4.38,2.5,8,PublicFavours
RO,SI,3.0,0.5,2.5,4,JuryFavours
IE,FI,2.83,5.33,2.5,6,PublicFavours
BE,SM,3.0,0.5,2.5,4,JuryFavours
EE,SE,9.11,6.67,2.44,9,JuryFavours
MT,FR,3.89,1.44,2.44,9,JuryFavours
GR,IT,3.22,5.67,2.44,9,PublicFavours
MT,IT,7.89,10.33,2.44,9,PublicFavours
SE,IT,4.22,1.78,2.44,9,JuryFavours
CH,NO,4.67,2.22,2.44,9,JuryFavours
NL,AU,4.14,1.71,2.43,7,JuryFavours
CZ,BE,3.86,1.43,2.43,7,JuryFavours
DK,NL,9.0,6.57,2.43,7,JuryFavours
IE,NL,5.86,3.43,2.43,7,JuryFavours
SE,NL,7.14,4.71,2.43,7,JuryFavours
RS,AT,4.43,2.0,2.43,7,JuryFavours
MT,SM,1.57,4.0,2.43,7,PublicFavours
MD,FI,0.43,2.86,2.43,7,PublicFavours
MD,EE,4.14,1.71,2.43,7,JuryFavours
DK,AL,2.43,0.0,2.43,7,JuryFavours
MD,NO,3.29,5.71,2.43,7,PublicFavours
IL,GR,3.43,1.0,2.43,7,JuryFavours
LV,FI,3.0,5.43,2.43,7,PublicFavours
PT,CH,6.43,4.0,2.43,7,JuryFavours
AZ,MT,9.0,6.6,2.4,5,JuryFavours
AU,AZ,3.0,0.6,2.4,5,JuryFavours
NO,CZ,3.2,0.8,2.4,5,JuryFavours
ES,SM,0.6,3.0,2.4,5,PublicFavours
ME,PT,1.6,4.0,2.4,5,PublicFavours
NL,IE,0.0,2.4,2.4,5,PublicFavours
AU,SM,0.2,2.6,2.4,5,PublicFavours
PL,SM,4.8,2.4,2.4,5,JuryFavours
DE,UA,5.0,7.38,2.38,8,PublicFavours
RS,LT,2.75,0.38,2.38,8,JuryFavours
GE,CY,2.88,5.25,2.38,8,PublicFavours
RS,PT,3.88,1.5,2.38,8,JuryFavours
PT,IT,3.75,6.12,2.38,8,PublicFavours
PT,FI,1.62,4.0,2.38,8,PublicFavours
CZ,AU,6.33,4.0,2.33,6,JuryFavours
GR,RU,12.0,9.67,2.33,3,JuryFavours
AU,BE,8.17,5.83,2.33,6,JuryFavours
IL,MT,4.83,2.5,2.33,6,JuryFavours
CY,AT,4.0,1.67,2.33,6,JuryFavours
FI,AZ,2.33,0.0,2.33,6,JuryFavours
BY,HR,3.67,1.33,2.33,3,JuryFavours
BY,CZ,7.67,5.33,2.33,3,JuryFavours
EE,SM,0.67,3.0,2.33,6,PublicFavours
GR,FI,0.44,2.78,2.33,9,PublicFavours
IE,MK,2.33,0.0,2.33,6,JuryFavours
RS,BY,1.33,3.67,2.33,3,PublicFavours
GE,RO,2.0,4.33,2.33,3,PublicFavours
GR,BY,3.33,1.0,2.33,3,JuryFavours
ES,BY,2.33,0.0,2.33,3,JuryFavours
IT,EE,4.5,2.17,2.33,6,JuryFavours
ME,CH,2.33,0.0,2.33,3,JuryFavours
IL,AU,8.14,5.86,2.29,7,JuryFavours
HR,FI,1.0,3.29,2.29,7,PublicFavours
NO,PT,4.29,2.0,2.29,7,JuryFavours
PL,EE,2.71,5.0,2.29,7,PublicFavours
MT,UA,2.25,4.5,2.25,8,PublicFavours
GB,UA,2.0,4.25,2.25,8,PublicFavours
GB,BG,12.25,14.5,2.25,4,PublicFavours
HU,PL,3.0,5.25,2.25,4,PublicFavours
BY,NL,4.75,2.5,2.25,4,JuryFavours
RU,IL,5.75,3.5,2.25,4,JuryFavours
IL,GE,1.75,4.0,2.25,4,PublicFavours
PL,HR,2.0,4.25,2.25,4,PublicFavours
SM,FI,1.38,3.62,2.25,8,PublicFavours
IS,GR,2.88,0.62,2.25,8,JuryFavours
AU,FI,2.38,4.62,2.25,8,PublicFavours
DK,SE,9.67,11.89,2.22,9,PublicFavours
DE,FR,4.0,1.78,2.22,9,JuryFavours
LV,FR,3.22,1.0,2.22,9,JuryFavours
DE,LT,1.67,3.89,2.22,9,PublicFavours
SM,IT,8.44,6.22,2.22,9,JuryFavours
AU,ES,3.11,0.89,2.22,9,JuryFavours
IS,GB,3.0,0.78,2.22,9,JuryFavours
AT,DE,1.33,3.56,2.22,9,PublicFavours
RS,NO,1.67,3.89,2.22,9,PublicFavours
HR,BG,5.8,3.6,2.2,5,JuryFavours
MK,AM,0.4,2.6,2.2,5,PublicFavours
DK,BE,4.2,6.4,2.2,5,PublicFavours
NL,BE,6.4,8.6,2.2,5,PublicFavours
SM,AZ,5.2,3.0,2.2,5,JuryFavours
AU,HR,1.8,4.0,2.2,5,PublicFavours
MT,CZ,3.6,1.4,2.2,5,JuryFavours
ME,EE,2.2,4.4,2.2,5,PublicFavours
AU,MD,6.4,8.6,2.2,5,PublicFavours
HR,DK,2.8,0.6,2.2,5,JuryFavours
RO,UA,5.4,7.6,2.2,5,PublicFavours
MD,PL,0.17,2.33,2.17,6,PublicFavours
ES,MD,2.33,4.5,2.17,6,PublicFavours
GE,DK,3.67,1.5,2.17,6,JuryFavours
PT,NL,6.0,3.83,2.17,6,JuryFavours
RO,FR,0.67,2.83,2.17,6,PublicFavours
PT,AM,3.33,1.17,2.17,6,JuryFavours
GE,GR,3.0,5.17,2.17,6,PublicFavours
HR,AU,2.86,0.71,2.14,7,JuryFavours
GE,RS,1.43,3.57,2.14,7,PublicFavours
IT,RS,1.57,3.71,2.14,7,PublicFavours
PL,GE,3.57,1.43,2.14,7,JuryFavours
AM,AT,2.0,4.12,2.12,8,PublicFavours
HR,AT,2.0,4.12,2.12,8,PublicFavours
NL,IL,4.5,6.62,2.12,8,PublicFavours
MT,CY,6.0,3.88,2.12,8,JuryFavours
RS,CY,1.0,3.12,2.12,8,PublicFavours
ES,CY,5.0,2.88,2.12,8,JuryFavours
CY,NO,0.0,2.12,2.12,8,PublicFavours
DE,ES,2.33,0.22,2.11,9,JuryFavours
IT,DE,2.44,0.33,2.11,9,JuryFavours
AL,UA,3.0,5.0,2.0,8,PublicFavours
BG,AU,5.0,3.0,2.0,4,JuryFavours
SI,AU,5.14,3.14,2.0,7,JuryFavours
HU,BG,7.33,9.33,2.0,3,PublicFavours
RU,BG,2.0,0.0,2.0,3,JuryFavours
SI,BG,4.8,2.8,2.0,5,JuryFavours
UA,BG,1.8,3.8,2.0,5,PublicFavours
MK,SE,4.83,2.83,2.0,6,JuryFavours
AT,FR,3.44,1.44,2.0,9,JuryFavours
BG,FR,2.4,4.4,2.0,5,PublicFavours
MD,AM,7.17,5.17,2.0,6,JuryFavours
CY,PL,1.67,3.67,2.0,6,PublicFavours
ES,PL,1.0,3.0,2.0,7,PublicFavours
IL,LT,3.62,1.62,2.0,8,JuryFavours
CY,BE,4.14,2.14,2.0,7,JuryFavours
LT,BE,7.67,5.67,2.0,6,JuryFavours
NO,BE,2.4,4.4,2.0,5,PublicFavours
CH,MT,2.0,0.0,2.0,5,JuryFavours
LV,AT,3.0,1.0,2.0,9,JuryFavours
NL,AT,6.0,4.0,2.0,8,JuryFavours
LV,IL,1.38,3.38,2.0,8,PublicFavours
CH,IL,3.62,5.62,2.0,8,PublicFavours
DE,RS,1.38,3.38,2.0,8,PublicFavours
AL,HU,0.33,2.33,2.0,3,PublicFavours
MK,CY,3.33,5.33,2.0,6,PublicFavours
IT,ES,2.11,0.11,2.0,9,JuryFavours
NO,HR,0.14,2.14,2.0,7,PublicFavours
ES,HR,0.0,2.0,2.0,5,PublicFavours
IT,GB,2.67,0.67,2.0,9,JuryFavours
CZ,SM,0.4,2.4,2.0,5,PublicFavours
FR,SM,2.0,0.0,2.0,6,JuryFavours
ME,SM,2.0,4.0,2.0,5,PublicFavours
RU,IS,0.67,2.67,2.0,3,PublicFavours
AZ,FI,0.88,2.88,2.0,8,PublicFavours
CY,GR,12.75,14.75,2.0,8,PublicFavours
CY,EE,1.86,3.86,2.0,7,PublicFavours
BE,IE,2.6,4.6,2.0,5,PublicFavours
LT,IE,4.5,2.5,2.0,6,JuryFavours
PL,AL,2.57,0.57,2.0,7,JuryFavours
DE,DK,1.4,3.4,2.0,5,PublicFavours
DK,PT,4.29,2.29,2.0,7,JuryFavours
SI,PT,4.75,2.75,2.0,8,JuryFavours
BG,MD,6.25,8.25,2.0,4,PublicFavours
NL,RO,1.0,3.0,2.0,5,PublicFavours
AT,NO,2.75,4.75,2.0,8,PublicFavours
HU,NO,7.33,9.33,2.0,3,PublicFavours
PT,BY,2.0,0.0,2.0,3,JuryFavours
BG,GR,11.5,9.5,2.0,4,JuryFavours
FI,DK,1.6,3.6,2.0,5,PublicFavours
FR,DK,0.5,2.5,2.0,6,PublicFavours
LV,IS,7.6,5.6,2.0,5,JuryFavours
RO,RS,1.5,3.5,2.0,6,PublicFavours
MK,SM,0.0,2.0,2.0,4,PublicFavours
RO,FI,3.0,5.0,2.0,4,PublicFavours
BG,IS,0.0,2.0,2.0,3,PublicFavours
MK,IS,2.0,0.0,2.0,4,JuryFavours
PT,SM,0.0,2.0,2.0,3,PublicFavours
BE,GB,2.22,0.33,1.89,9,JuryFavours
FI,GB,2.33,0.44,1.89,9,JuryFavours
SM,GB,2.67,0.78,1.89,9,JuryFavours
LV,NO,2.67,4.56,1.89,9,PublicFavours
LT,NO,3.78,5.67,1.89,9,PublicFavours
MD,SE,5.62,3.75,1.88,8,JuryFavours
MD,FR,1.25,3.12,1.88,8,PublicFavours
IL,RS,0.12,2.0,1.88,8,PublicFavours
GB,CY,1.38,3.25,1.88,8,PublicFavours
HR,GR,2.25,0.38,1.88,8,JuryFavours
HR,EE,1.12,3.0,1.88,8,PublicFavours
GB,CH,4.62,2.75,1.88,8,JuryFavours
GR,PT,4.88,3.0,1.88,8,JuryFavours
SM,PT,3.12,1.25,1.88,8,JuryFavours
DK,EE,1.25,3.12,1.88,8,PublicFavours
NO,AM,2.57,0.71,1.86,7,JuryFavours
IS,LT,1.29,3.14,1.86,7,PublicFavours
EE,NL,5.43,3.57,1.86,7,JuryFavours
MT,NL,3.57,5.43,1.86,7,PublicFavours
RS,MT,2.29,0.43,1.86,7,JuryFavours
IE,HR,2.57,4.43,1.86,7,PublicFavours
AM,GR,5.57,7.43,1.86,7,PublicFavours
AZ,MD,5.43,3.57,1.86,7,JuryFavours
MT,PT,3.0,1.14,1.86,7,JuryFavours
CZ,CH,5.0,3.14,1.86,7,JuryFavours
ME,SE,5.67,3.83,1.83,6,JuryFavours
ME,NL,2.33,0.5,1.83,6,JuryFavours
EE,MT,2.67,0.83,1.83,6,JuryFavours
GB,LV,2.5,4.33,1.83,6,PublicFavours
MK,GB,1.83,0.0,1.83,6,JuryFavours
GE,SI,2.67,0.83,1.83,6,JuryFavours
UA,SI,2.83,1.0,1.83,6,JuryFavours
IT,GR,3.67,1.83,1.83,6,JuryFavours
AT,DK,3.5,1.67,1.83,6,JuryFavours
BE,IS,4.33,2.5,1.83,6,JuryFavours
PT,IS,5.67,3.83,1.83,6,JuryFavours
CY,SI,1.83,0.0,1.83,6,JuryFavours
UA,EE,1.83,3.67,1.83,6,PublicFavours
CH,FI,2.0,3.83,1.83,6,PublicFavours
BG,IT,2.2,4.0,1.8,5,PublicFavours
DE,CZ,1.0,2.8,1.8,5,PublicFavours
MT,IS,0.0,1.8,1.8,5,PublicFavours
MD,IS,3.2,1.4,1.8,5,JuryFavours
BE,DK,0.2,2.0,1.8,5,PublicFavours
AT,SI,2.2,0.4,1.8,5,JuryFavours
IL,FR,2.78,4.56,1.78,9,PublicFavours
DK,AT,4.33,2.56,1.78,9,JuryFavours
DE,IT,3.56,5.33,1.78,9,PublicFavours
IL,IT,3.22,5.0,1.78,9,PublicFavours
NO,ES,1.89,0.11,1.78,9,JuryFavours
AL,GB,2.56,0.78,1.78,9,JuryFavours
FR,GB,2.0,0.22,1.78,9,JuryFavours
FR,DE,1.78,0.0,1.78,9,JuryFavours
AZ,BG,4.5,6.25,1.75,4,PublicFavours
EE,LV,3.0,4.75,1.75,4,PublicFavours
HU,IT,1.75,3.5,1.75,4,PublicFavours
MD,IT,2.5,4.25,1.75,8,PublicFavours
BY,AZ,1.75,3.5,1.75,4,PublicFavours
GR,HU,4.0,2.25,1.75,4,JuryFavours
IE,CY,4.0,2.25,1.75,8,JuryFavours
RU,CY,7.25,9.0,1.75,4,PublicFavours
BG,HR,4.0,2.25,1.75,4,JuryFavours
UA,GB,3.25,1.5,1.75,8,JuryFavours
UA,DE,2.38,0.62,1.75,8,JuryFavours
AL,BY,1.75,0.0,1.75,4,JuryFavours
AL,IE,0.0,1.75,1.75,4,PublicFavours
EE,PT,3.62,1.88,1.75,8,JuryFavours
RO,AZ,5.0,6.75,1.75,4,PublicFavours
ME,DK,2.5,0.75,1.75,4,JuryFavours
GE,FI,1.0,2.75,1.75,8,PublicFavours
AU,ME,0.0,1.75,1.75,4,PublicFavours
MT,MK,4.5,2.75,1.75,4,JuryFavours
RO,CZ,4.0,2.25,1.75,4,JuryFavours
SM,SI,3.25,1.5,1.75,4,JuryFavours
CY,AM,3.86,5.57,1.71,7,PublicFavours
AU,PL,3.86,2.14,1.71,7,JuryFavours
IS,NL,7.43,5.71,1.71,7,JuryFavours
GE,AT,2.57,0.86,1.71,7,JuryFavours
IS,CZ,6.86,5.14,1.71,7,JuryFavours
SM,GR,6.86,8.57,1.71,7,PublicFavours
SE,EE,2.57,4.29,1.71,7,PublicFavours
IT,CH,4.14,2.43,1.71,7,JuryFavours
AM,NO,2.29,4.0,1.71,7,PublicFavours
BE,GR,1.29,3.0,1.71,7,PublicFavours
IL,EE,4.71,6.43,1.71,7,PublicFavours
NO,EE,0.57,2.29,1.71,7,PublicFavours
AL,EE,1.14,2.86,1.71,7,PublicFavours
RS,AU,5.5,3.83,1.67,6,JuryFavours
AL,RU,5.33,7.0,1.67,3,PublicFavours
HR,RU,9.67,11.33,1.67,3,PublicFavours
GB,FR,2.44,0.78,1.67,9,JuryFavours
MK,PL,3.33,1.67,1.67,3,JuryFavours
FR,LV,1.67,0.0,1.67,6,JuryFavours
NL,LV,1.83,0.17,1.67,6,JuryFavours
ME,IT,4.0,5.67,1.67,6,PublicFavours
NO,IT,4.22,2.56,1.67,9,JuryFavours
BE,AZ,2.5,0.83,1.67,6,JuryFavours
HR,AZ,1.67,3.33,1.67,6,PublicFavours
MK,AZ,5.17,3.5,1.67,6,JuryFavours
LV,HU,0.0,1.67,1.67,3,PublicFavours
LT,HU,1.33,3.0,1.67,3,PublicFavours
MD,HU,1.33,3.0,1.67,3,PublicFavours
CH,HU,2.67,4.33,1.67,3,PublicFavours
AL,ES,2.44,0.78,1.67,9,JuryFavours
GB,HR,3.67,2.0,1.67,6,JuryFavours
AT,CZ,5.5,3.83,1.67,6,JuryFavours
AZ,CZ,2.0,3.67,1.67,6,PublicFavours
RS,DE,2.22,0.56,1.67,9,JuryFavours
CZ,FI,2.78,4.44,1.67,9,PublicFavours
RU,EE,2.67,1.0,1.67,3,JuryFavours
HU,PT,4.0,2.33,1.67,3,JuryFavours
PT,HU,2.33,0.67,1.67,3,JuryFavours
PT,DK,0.0,1.67,1.67,6,PublicFavours
RO,DK,5.0,3.33,1.67,3,JuryFavours
GB,IS,3.67,5.33,1.67,6,PublicFavours
RO,IS,0.0,1.67,1.67,3,PublicFavours
AL,SM,5.0,6.67,1.67,3,PublicFavours
BE,UA,4.38,6.0,1.62,8,PublicFavours
IS,UA,3.25,4.88,1.62,8,PublicFavours
AL,LT,0.12,1.75,1.62,8,PublicFavours
IS,AT,5.5,3.88,1.62,8,JuryFavours
AM,ES,2.62,1.0,1.62,8,JuryFavours
EE,GR,1.62,0.0,1.62,8,JuryFavours
CZ,NO,1.12,2.75,1.62,8,PublicFavours
AU,LV,3.0,1.4,1.6,5,JuryFavours
BG,ES,3.2,1.6,1.6,5,JuryFavours
NL,CZ,3.2,1.6,1.6,5,JuryFavours
AU,IE,5.0,6.6,1.6,5,PublicFavours
BG,CH,4.4,2.8,1.6,5,JuryFavours
DK,SM,2.0,0.4,1.6,5,JuryFavours
MD,LT,1.29,2.86,1.57,7,PublicFavours
DE,AT,4.71,3.14,1.57,7,JuryFavours
MD,RS,0.0,1.57,1.57,7,PublicFavours
NO,CY,2.57,1.0,1.57,7,JuryFavours
HR,MD,1.71,3.29,1.57,7,PublicFavours
LV,PT,6.29,4.71,1.57,7,JuryFavours
PT,GR,2.14,3.71,1.57,7,PublicFavours
SM,CH,5.0,3.43,1.57,7,JuryFavours
IE,EE,2.71,4.29,1.57,7,PublicFavours
AZ,CH,3.14,4.71,1.57,7,PublicFavours
IS,SE,7.89,9.44,1.56,9,PublicFavours
FI,FR,3.67,2.11,1.56,9,JuryFavours
PL,IL,3.78,2.22,1.56,9,JuryFavours
FR,IT,4.22,5.78,1.56,9,PublicFavours
LT,IT,3.89,5.44,1.56,9,PublicFavours
LV,GB,1.89,0.33,1.56,9,JuryFavours
SE,GB,2.22,0.67,1.56,9,JuryFavours
CZ,DE,2.0,0.44,1.56,9,JuryFavours
SM,EE,3.22,1.67,1.56,9,JuryFavours
IL,CH,3.33,1.78,1.56,9,JuryFavours
CH,UA,3.12,4.62,1.5,8,PublicFavours
DE,BG,5.5,7.0,1.5,4,PublicFavours
ME,FR,2.33,0.83,1.5,6,JuryFavours
SM,LT,2.88,1.38,1.5,8,JuryFavours
AT,BE,2.83,1.33,1.5,6,JuryFavours
ME,BE,4.25,2.75,1.5,4,JuryFavours
GB,BE,4.33,2.83,1.5,6,JuryFavours
MD,NL,2.5,4.0,1.5,6,PublicFavours
PL,MT,1.5,0.0,1.5,6,JuryFavours
ME,AT,2.25,0.75,1.5,4,JuryFavours
NO,AT,3.0,1.5,1.5,8,JuryFavours
AT,IL,3.0,4.5,1.5,8,PublicFavours
GR,IL,2.12,3.62,1.5,8,PublicFavours
GE,LV,6.0,4.5,1.5,6,JuryFavours
RU,IT,2.75,4.25,1.5,4,PublicFavours
EE,RS,2.0,0.5,1.5,8,JuryFavours
AU,HU,2.5,1.0,1.5,4,JuryFavours
ME,HU,3.5,5.0,1.5,4,PublicFavours
AU,CY,2.88,4.38,1.5,8,PublicFavours
RU,GB,1.5,0.0,1.5,4,JuryFavours
AM,CZ,4.33,2.83,1.5,6,JuryFavours
IT,CZ,1.83,0.33,1.5,6,JuryFavours
SM,CZ,2.17,3.67,1.5,6,PublicFavours
RU,SM,1.5,0.0,1.5,4,JuryFavours
ME,MD,4.5,6.0,1.5,4,PublicFavours
HU,EE,1.5,3.0,1.5,4,PublicFavours
SM,NO,3.5,2.0,1.5,8,JuryFavours
DE,GR,1.0,2.5,1.5,6,PublicFavours
PT,GE,0.75,2.25,1.5,4,PublicFavours
AU,EE,4.17,2.67,1.5,6,JuryFavours
BE,EE,2.83,4.33,1.5,6,PublicFavours
RO,AL,2.25,0.75,1.5,4,JuryFavours
DE,IS,0.75,2.25,1.5,4,PublicFavours
AL,SE,5.0,3.56,1.44,9,JuryFavours
MT,SE,9.44,8.0,1.44,9,JuryFavours
ES,SE,6.11,4.67,1.44,9,JuryFavours
ES,IL,4.11,5.56,1.44,9,PublicFavours
EE,GB,2.0,0.56,1.44,9,JuryFavours
FR,EE,0.11,1.56,1.44,9,PublicFavours
IE,AU,3.0,4.43,1.43,7,PublicFavours
FI,AM,2.14,0.71,1.43,7,JuryFavours
CZ,LT,1.71,0.29,1.43,7,JuryFavours
AU,NL,2.43,1.0,1.43,7,JuryFavours
ES,NL,3.71,2.29,1.43,7,JuryFavours
EE,AT,5.71,4.29,1.43,7,JuryFavours
UA,IL,5.71,4.29,1.43,7,JuryFavours
IS,RS,1.57,0.14,1.43,7,JuryFavours
SI,CY,3.86,2.43,1.43,7,JuryFavours
NL,FI,1.71,3.14,1.43,7,PublicFavours
LV,BE,4.2,5.6,1.4,5,PublicFavours
GB,MT,1.6,3.0,1.4,5,PublicFavours
HR,LV,1.4,0.0,1.4,5,JuryFavours
SM,LV,2.6,1.2,1.4,5,JuryFavours
DK,AZ,1.0,2.4,1.4,5,PublicFavours
SI,AZ,4.2,2.8,1.4,5,JuryFavours
GR,GE,1.8,3.2,1.4,5,PublicFavours
IS,GE,1.4,0.0,1.4,5,JuryFavours
LV,GE,1.6,3.0,1.4,5,PublicFavours
BG,GB,2.0,0.6,1.4,5,JuryFavours
IE,CZ,5.2,3.8,1.4,5,JuryFavours
EE,DK,3.0,4.4,1.4,5,PublicFavours
SI,IS,2.8,4.2,1.4,5,PublicFavours
RO,CH,5.0,6.4,1.4,5,PublicFavours
MT,AL,2.8,1.4,1.4,5,JuryFavours
IE,IS,1.8,3.2,1.4,5,PublicFavours
CH,IS,4.0,2.6,1.4,5,JuryFavours
IT,AT,2.12,0.75,1.38,8,JuryFavours
IT,IL,5.75,4.38,1.38,8,JuryFavours
DK,RS,1.38,0.0,1.38,8,JuryFavours
PT,SE,2.75,4.12,1.38,8,PublicFavours
ES,RU,4.67,6.0,1.33,3,PublicFavours
EE,FR,3.0,1.67,1.33,9,JuryFavours
RS,FR,4.11,2.78,1.33,9,JuryFavours
DK,LT,3.0,4.33,1.33,9,PublicFavours
PL,BE,6.0,4.67,1.33,6,JuryFavours
CH,BE,3.83,2.5,1.33,6,JuryFavours
AU,AT,3.5,2.17,1.33,6,JuryFavours
HU,AT,5.33,6.67,1.33,3,PublicFavours
ME,IL,0.0,1.33,1.33,6,PublicFavours
RS,IL,4.0,2.67,1.33,9,JuryFavours
NO,LV,2.67,1.33,1.33,6,JuryFavours
AT,IT,4.89,6.22,1.33,9,PublicFavours
DK,HU,1.0,2.33,1.33,3,PublicFavours
MK,HU,1.67,3.0,1.33,3,PublicFavours
UA,HU,5.67,4.33,1.33,3,JuryFavours
UA,GE,5.0,6.33,1.33,3,PublicFavours
MT,ES,2.11,0.78,1.33,9,JuryFavours
SE,ES,1.67,0.33,1.33,9,JuryFavours
SE,HR,2.17,3.5,1.33,6,PublicFavours
AT,GB,2.22,0.89,1.33,9,JuryFavours
SI,GB,1.33,0.0,1.33,9,JuryFavours
BE,DE,1.56,0.22,1.33,9,JuryFavours
NO,DE,2.0,0.67,1.33,9,JuryFavours
AM,MD,6.5,5.17,1.33,6,JuryFavours
SM,MD,5.5,6.83,1.33,6,PublicFavours
AU,BY,2.0,0.67,1.33,3,JuryFavours
MK,NO,0.67,2.0,1.33,6,PublicFavours
IE,SI,1.33,0.0,1.33,6,JuryFavours
GB,DK,3.5,2.17,1.33,6,JuryFavours
NO,MD,2.17,3.5,1.33,6,PublicFavours
EE,BY,3.67,5.0,1.33,3,PublicFavours
NO,GR,4.5,3.17,1.33,6,JuryFavours
BY,EE,4.33,5.67,1.33,3,PublicFavours
AM,CH,5.83,4.5,1.33,6,JuryFavours
RO,RU,5.67,7.0,1.33,3,PublicFavours
RS,ME,8.67,10.0,1.33,3,PublicFavours
PT,MT,1.33,0.0,1.33,3,JuryFavours
MT,AU,4.14,5.43,1.29,7,PublicFavours
IL,AM,1.71,3.0,1.29,7,PublicFavours
LV,PL,0.43,1.71,1.29,7,PublicFavours
AM,LT,0.0,1.29,1.29,7,PublicFavours
EE,BE,2.43,3.71,1.29,7,PublicFavours
FI,BE,1.71,3.0,1.29,7,PublicFavours
IS,BE,2.57,3.86,1.29,7,PublicFavours
ES,BE,4.0,2.71,1.29,7,JuryFavours
AL,RS,2.57,1.29,1.29,7,JuryFavours
ES,RS,2.57,1.29,1.29,7,JuryFavours
LT,CY,0.86,2.14,1.29,7,PublicFavours
GB,AL,2.14,0.86,1.29,7,JuryFavours
AZ,UA,6.75,8.0,1.25,8,PublicFavours
NO,RU,2.5,3.75,1.25,4,PublicFavours
MT,BG,8.0,9.25,1.25,4,PublicFavours
GB,AM,1.25,0.0,1.25,8,JuryFavours
RU,LT,1.25,2.5,1.25,4,PublicFavours
BY,RS,2.25,1.0,1.25,4,JuryFavours
IE,RS,1.88,0.62,1.25,8,JuryFavours
IS,HU,1.5,2.75,1.25,4,PublicFavours
AZ,GE,3.25,4.5,1.25,4,PublicFavours
HU,ES,1.25,0.0,1.25,4,JuryFavours
HU,GB,1.25,0.0,1.25,4,JuryFavours
AT,GR,1.25,0.0,1.25,8,JuryFavours
NL,EE,0.5,1.75,1.25,8,PublicFavours
BG,PT,5.75,4.5,1.25,4,JuryFavours
AZ,RO,4.5,3.25,1.25,4,JuryFavours
LT,RO,1.25,2.5,1.25,4,PublicFavours
UA,RO,3.25,2.0,1.25,4,JuryFavours
PT,NO,1.12,2.38,1.25,8,PublicFavours
PT,GB,2.0,0.75,1.25,8,JuryFavours
HR,MK,5.5,6.75,1.25,4,PublicFavours
NL,FR,3.56,2.33,1.22,9,JuryFavours
SE,IL,3.22,4.44,1.22,9,PublicFavours
GR,ES,0.56,1.78,1.22,9,PublicFavours
DE,GB,2.0,0.78,1.22,9,JuryFavours
PL,GB,1.56,0.33,1.22,9,JuryFavours
AU,DE,1.44,0.22,1.22,9,JuryFavours
IE,DE,2.11,0.89,1.22,9,JuryFavours
MK,UA,5.4,6.6,1.2,5,PublicFavours
DK,BG,7.2,6.0,1.2,5,JuryFavours
FI,LV,0.0,1.2,1.2,5,PublicFavours
SE,GE,1.2,0.0,1.2,5,JuryFavours
BG,DE,1.2,0.0,1.2,5,JuryFavours
FR,IS,6.0,4.8,1.2,5,JuryFavours
UA,IE,2.8,1.6,1.2,5,JuryFavours
UA,DK,2.4,3.6,1.2,5,PublicFavours
ME,NO,2.6,1.4,1.2,5,JuryFavours
AU,IS,5.6,6.8,1.2,5,PublicFavours
ES,SI,1.8,0.6,1.2,5,JuryFavours
SM,AL,3.2,2.0,1.2,5,JuryFavours
SM,AU,4.83,3.67,1.17,6,JuryFavours
RS,AM,1.67,0.5,1.17,6,JuryFavours
AL,BE,2.33,3.5,1.17,6,PublicFavours
AZ,BE,1.67,2.83,1.17,6,PublicFavours
FR,BE,2.0,3.17,1.17,6,PublicFavours
RS,BE,2.33,3.5,1.17,6,PublicFavours
SE,LV,1.17,0.0,1.17,6,JuryFavours
BE,HR,0.17,1.33,1.17,6,PublicFavours
IS,HR,4.0,2.83,1.17,6,JuryFavours
ME,GB,1.17,0.0,1.17,6,JuryFavours
HR,IS,2.5,1.33,1.17,6,JuryFavours
EE,IS,3.67,4.83,1.17,6,PublicFavours
IL,SI,1.17,0.0,1.17,6,JuryFavours
IL,IE,0.33,1.5,1.17,6,PublicFavours
RS,GR,3.67,4.83,1.17,6,PublicFavours
MD,SI,1.17,0.0,1.17,6,JuryFavours
RS,SM,0.33,1.5,1.17,6,PublicFavours
SI,EE,3.83,2.67,1.17,6,JuryFavours
NL,SI,1.67,0.5,1.17,6,JuryFavours
DK,FI,4.83,6.0,1.17,6,PublicFavours
AZ,NL,1.57,2.71,1.14,7,PublicFavours
PL,AT,2.71,1.57,1.14,7,JuryFavours
AT,CY,0.29,1.43,1.14,7,PublicFavours
NL,CY,2.43,1.29,1.14,7,JuryFavours
CY,IS,1.29,0.14,1.14,7,JuryFavours
MT,MD,1.86,0.71,1.14,7,JuryFavours
SE,MD,3.71,2.57,1.14,7,JuryFavours
IE,PT,2.86,1.71,1.14,7,JuryFavours
UA,FR,4.12,3.0,1.12,8,JuryFavours
IE,AM,1.12,0.0,1.12,8,JuryFavours
IS,IL,2.25,3.38,1.12,8,PublicFavours
NO,IL,5.88,4.75,1.12,8,JuryFavours
FI,CY,3.62,2.5,1.12,8,JuryFavours
IL,CY,2.25,3.38,1.12,8,PublicFavours
PL,CY,1.75,2.88,1.12,8,PublicFavours
GR,EE,1.75,2.88,1.12,8,PublicFavours
BE,PT,3.0,4.12,1.12,8,PublicFavours
CY,PT,2.75,1.62,1.12,8,JuryFavours
ES,PT,6.0,7.12,1.12,8,PublicFavours
RS,EE,4.25,3.12,1.12,8,JuryFavours
SM,SE,4.78,3.67,1.11,9,JuryFavours
AZ,FR,0.56,1.67,1.11,9,PublicFavours
MT,LT,1.22,2.33,1.11,9,PublicFavours
DE,IL,4.56,5.67,1.11,9,PublicFavours
NL,IT,2.0,3.11,1.11,9,PublicFavours
SM,ES,2.22,1.11,1.11,9,JuryFavours
NO,GB,1.78,0.67,1.11,9,JuryFavours
GE,DE,1.33,0.22,1.11,9,JuryFavours
AT,AU,2.0,1.0,1.0,6,JuryFavours
RS,BG,9.5,10.5,1.0,4,PublicFavours
BY,FR,0.0,1.0,1.0,4,PublicFavours
CY,FR,4.78,3.78,1.0,9,JuryFavours
IS,AM,1.86,0.86,1.0,7,JuryFavours
AM,PL,0.6,1.6,1.0,5,PublicFavours
GR,PL,1.71,0.71,1.0,7,JuryFavours
BY,BE,4.0,3.0,1.0,4,JuryFavours
GR,BE,2.29,1.29,1.0,7,JuryFavours
MT,BE,0.0,1.0,1.0,5,PublicFavours
AM,NL,6.0,5.0,1.0,6,JuryFavours
GE,MT,1.0,0.0,1.0,6,JuryFavours
IS,MT,2.75,1.75,1.0,4,JuryFavours
LT,MT,2.6,1.6,1.0,5,JuryFavours
MD,AT,0.62,1.62,1.0,8,PublicFavours
BG,IL,8.75,7.75,1.0,4,JuryFavours
AM,LV,1.0,0.0,1.0,6,JuryFavours
BE,LV,1.75,0.75,1.0,4,JuryFavours
BG,LV,1.0,0.0,1.0,3,JuryFavours
MT,LV,1.0,0.0,1.0,5,JuryFavours
BE,IT,5.67,4.67,1.0,9,JuryFavours
CZ,IT,2.33,1.33,1.0,9,JuryFavours
GE,AZ,7.8,8.8,1.0,5,PublicFavours
RU,AZ,16.0,17.0,1.0,3,PublicFavours
AZ,RS,1.86,0.86,1.0,7,JuryFavours
CY,HU,3.5,2.5,1.0,4,JuryFavours
CZ,GE,1.0,0.0,1.0,6,JuryFavours
HU,GE,1.0,0.0,1.0,3,JuryFavours
CZ,CY,2.0,3.0,1.0,8,PublicFavours
DK,CY,1.43,0.43,1.0,7,JuryFavours
DE,CY,1.88,0.88,1.0,8,JuryFavours
IS,CY,1.14,2.14,1.0,7,PublicFavours
UA,CY,0.33,1.33,1.0,6,PublicFavours
DK,ES,1.22,0.22,1.0,9,JuryFavours
FR,ES,1.44,2.44,1.0,9,PublicFavours
NL,HR,4.14,3.14,1.0,7,JuryFavours
RU,HR,1.33,2.33,1.0,3,PublicFavours
UA,HR,4.5,3.5,1.0,6,JuryFavours
GE,GB,1.44,0.44,1.0,9,JuryFavours
CH,GB,1.56,0.56,1.0,9,JuryFavours
AU,CZ,4.67,3.67,1.0,6,JuryFavours
DK,CZ,0.0,1.0,1.0,6,PublicFavours
IL,DE,2.78,1.78,1.0,9,JuryFavours
RU,DE,1.0,0.0,1.0,4,JuryFavours
ES,DE,1.67,0.67,1.0,9,JuryFavours
CY,SM,0.6,1.6,1.0,5,PublicFavours
FI,SM,1.4,2.4,1.0,5,PublicFavours
IS,SM,1.25,2.25,1.0,4,PublicFavours
CY,ME,1.0,0.0,1.0,4,JuryFavours
HU,FI,1.33,0.33,1.0,3,JuryFavours
HU,GR,1.33,0.33,1.0,3,JuryFavours
CY,MD,1.67,2.67,1.0,6,PublicFavours
AZ,EE,2.86,1.86,1.0,7,JuryFavours
CH,MK,5.0,4.0,1.0,4,JuryFavours
UA,MK,1.0,0.0,1.0,3,JuryFavours
BE,BY,1.0,0.0,1.0,4,JuryFavours
BG,BY,2.67,3.67,1.0,3,PublicFavours
GB,BY,1.0,0.0,1.0,4,JuryFavours
BG,NO,2.8,1.8,1.0,5,JuryFavours
GE,IE,0.0,1.0,1.0,4,PublicFavours
LV,IE,0.0,1.0,1.0,4,PublicFavours
PL,IE,1.5,2.5,1.0,4,PublicFavours
RS,IE,0.4,1.4,1.0,5,PublicFavours
BY,DK,2.75,1.75,1.0,4,JuryFavours
RS,DK,2.67,1.67,1.0,6,JuryFavours
AL,PT,3.43,4.43,1.0,7,PublicFavours
IT,PT,2.14,3.14,1.0,7,PublicFavours
CH,MD,0.83,1.83,1.0,6,PublicFavours
SI,RO,1.5,0.5,1.0,4,JuryFavours
FI,BY,0.0,1.0,1.0,3,PublicFavours
IS,BY,1.0,2.0,1.0,3,PublicFavours
GB,GR,0.71,1.71,1.0,7,PublicFavours
ES,DK,0.0,1.0,1.0,5,PublicFavours
SE,AL,0.5,1.5,1.0,6,PublicFavours
IT,IS,1.6,2.6,1.0,5,PublicFavours
AZ,SI,1.83,0.83,1.0,6,JuryFavours
FI,SI,2.4,3.4,1.0,5,PublicFavours
SE,SI,1.5,0.5,1.0,6,JuryFavours
AT,CH,8.5,7.5,1.0,8,JuryFavours
HR,IE,3.6,2.6,1.0,5,JuryFavours
SM,MK,0.33,1.33,1.0,3,PublicFavours
RO,SM,1.4,0.4,1.0,5,JuryFavours
FR,AL,2.0,3.0,1.0,6,PublicFavours
MD,IE,1.67,0.67,1.0,3,JuryFavours
PT,RS,2.67,1.67,1.0,6,JuryFavours
MT,SI,1.0,0.0,1.0,5,JuryFavours
MK,FI,3.0,4.0,1.0,3,PublicFavours
LT,IS,3.2,2.2,1.0,5,JuryFavours
IT,SM,2.75,3.75,1.0,4,PublicFavours
MD,CH,6.8,5.8,1.0,5,JuryFavours
RS,IS,4.75,5.75,1.0,4,PublicFavours
HR,FR,3.0,2.11,0.89,9,JuryFavours
IE,IL,5.67,4.78,0.89,9,JuryFavours
LV,IT,1.44,2.33,0.89,9,PublicFavours
ES,IT,5.22,6.11,0.89,9,PublicFavours
IL,GB,2.0,1.11,0.89,9,JuryFavours
PL,DE,1.56,0.67,0.89,9,JuryFavours
CH,DE,2.0,2.89,0.89,9,PublicFavours
SM,RS,2.75,3.62,0.88,8,PublicFavours
MD,GB,1.25,0.38,0.88,8,JuryFavours
MT,EE,2.62,1.75,0.88,8,JuryFavours
DE,CH,5.12,4.25,0.88,8,JuryFavours
ES,LT,0.29,1.14,0.86,7,PublicFavours
IT,LV,0.86,0.0,0.86,7,JuryFavours
GR,RS,1.71,2.57,0.86,7,PublicFavours
GB,RS,1.86,1.0,0.86,7,JuryFavours
IT,CY,1.43,2.29,0.86,7,PublicFavours
NO,SI,1.29,0.43,0.86,7,JuryFavours
BE,AL,0.86,1.71,0.86,7,PublicFavours
LT,GR,0.86,0.0,0.86,7,JuryFavours
AU,MT,5.83,6.67,0.83,6,PublicFavours
AT,LV,0.83,0.0,0.83,6,JuryFavours
PL,LV,3.5,2.67,0.83,6,JuryFavours
AU,GE,1.0,0.17,0.83,6,JuryFavours
SM,GE,1.0,0.17,0.83,6,JuryFavours
MD,HR,2.33,1.5,0.83,6,JuryFavours
EE,CZ,5.5,4.67,0.83,6,JuryFavours
RS,CZ,3.67,2.83,0.83,6,JuryFavours
PL,SI,4.67,3.83,0.83,6,JuryFavours
AL,MD,3.33,2.5,0.83,6,JuryFavours
RO,GB,1.33,0.5,0.83,6,JuryFavours
RO,CY,2.33,3.17,0.83,6,PublicFavours
RO,LT,2.33,1.5,0.83,6,JuryFavours
NO,FI,3.33,4.17,0.83,6,PublicFavours
FR,BG,5.2,4.4,0.8,5,JuryFavours
LT,BG,5.2,4.4,0.8,5,JuryFavours
BG,SE,0.4,1.2,0.8,5,PublicFavours
HR,PL,0.0,0.8,0.8,5,PublicFavours
AM,BE,2.0,2.8,0.8,5,PublicFavours
DE,BE,3.6,4.4,0.8,5,PublicFavours
RS,LV,0.8,0.0,0.8,5,JuryFavours
PL,AZ,1.2,0.4,0.8,5,JuryFavours
CY,GE,1.4,2.2,0.8,5,PublicFavours
SI,GE,1.0,0.2,0.8,5,JuryFavours
ME,CZ,2.4,1.6,0.8,5,JuryFavours
AT,SM,0.2,1.0,0.8,5,PublicFavours
ME,IS,0.8,1.6,0.8,5,PublicFavours
NL,IS,3.0,3.8,0.8,5,PublicFavours
MK,MD,1.2,2.0,0.8,5,PublicFavours
PT,HR,0.8,1.6,0.8,5,PublicFavours
MK,GR,0.0,0.8,0.8,5,PublicFavours
RO,IE,0.6,1.4,0.8,5,PublicFavours
IL,IS,0.0,0.8,0.8,5,PublicFavours
AU,IL,4.89,5.67,0.78,9,PublicFavours
FI,IT,3.56,2.78,0.78,9,JuryFavours
SI,IT,6.78,7.56,0.78,9,PublicFavours
CY,ES,2.11,1.33,0.78,9,JuryFavours
GB,ES,2.0,1.22,0.78,9,JuryFavours
RS,GB,0.78,0.0,0.78,9,JuryFavours
DK,DE,2.22,1.44,0.78,9,JuryFavours
SM,DE,1.22,0.44,0.78,9,JuryFavours
DE,NO,5.11,4.33,0.78,9,JuryFavours
MT,RU,8.25,9.0,0.75,4,PublicFavours
HU,FR,0.0,0.75,0.75,4,PublicFavours
RS,PL,0.88,0.12,0.75,8,JuryFavours
ME,LT,1.25,0.5,0.75,4,JuryFavours
MK,AT,0.75,0.0,0.75,4,JuryFavours
AL,IL,4.12,3.38,0.75,8,JuryFavours
SI,IL,1.25,2.0,0.75,8,PublicFavours
GE,HU,0.75,1.5,0.75,4,PublicFavours
MT,GE,0.75,0.0,0.75,4,JuryFavours
MD,ES,1.75,1.0,0.75,8,JuryFavours
GE,HR,0.75,1.5,0.75,4,PublicFavours
FI,ME,0.0,0.75,0.75,4,PublicFavours
FR,FI,1.88,1.12,0.75,8,JuryFavours
RS,CH,3.5,2.75,0.75,8,JuryFavours
MK,PT,2.5,1.75,0.75,4,JuryFavours
RO,BE,2.0,2.75,0.75,4,PublicFavours
EE,NO,3.0,3.75,0.75,8,PublicFavours
RO,HR,2.75,2.0,0.75,4,JuryFavours
PT,DE,0.25,1.0,0.75,8,PublicFavours
SI,FI,1.25,2.0,0.75,8,PublicFavours
ME,AL,9.5,10.25,0.75,4,PublicFavours
EE,IE,4.25,3.5,0.75,4,JuryFavours
SI,SM,0.0,0.75,0.75,4,PublicFavours
GR,LT,0.0,0.71,0.71,7,PublicFavours
IL,NL,1.86,1.14,0.71,7,JuryFavours
SM,AT,2.0,1.29,0.71,7,JuryFavours
SI,AT,3.29,2.57,0.71,7,JuryFavours
AM,IL,4.57,3.86,0.71,7,JuryFavours
AU,RS,2.71,3.43,0.71,7,PublicFavours
BE,RS,1.86,1.14,0.71,7,JuryFavours
FI,RS,3.0,2.29,0.71,7,JuryFavours
FI,CZ,5.57,4.86,0.71,7,JuryFavours
LV,CZ,1.43,0.71,0.71,7,JuryFavours
MD,CZ,2.43,1.71,0.71,7,JuryFavours
ES,CZ,5.86,5.14,0.71,7,JuryFavours
GR,IS,1.29,2.0,0.71,7,PublicFavours
AT,FI,4.0,3.29,0.71,7,JuryFavours
MT,FI,3.43,4.14,0.71,7,PublicFavours
AL,SI,1.14,0.43,0.71,7,JuryFavours
AU,SI,1.43,0.71,0.71,7,JuryFavours
LT,SI,0.71,0.0,0.71,7,JuryFavours
LV,DK,2.86,3.57,0.71,7,PublicFavours
DE,EE,2.29,1.57,0.71,7,JuryFavours
PT,EE,5.29,4.57,0.71,7,JuryFavours
GR,CH,3.0,3.71,0.71,7,PublicFavours
AM,AU,1.33,0.67,0.67,6,JuryFavours
CH,RU,2.33,3.0,0.67,3,PublicFavours
GB,RU,2.33,3.0,0.67,3,PublicFavours
AZ,SE,5.11,4.44,0.67,9,JuryFavours
LT,SE,6.22,5.56,0.67,9,JuryFavours
NO,SE,11.0,11.67,0.67,9,PublicFavours
DK,FR,2.0,1.33,0.67,9,JuryFavours
SI,FR,2.44,1.78,0.67,9,JuryFavours
ES,FR,5.0,4.33,0.67,9,JuryFavours
AL,PL,0.67,1.33,0.67,6,PublicFavours
MK,LT,1.5,0.83,0.67,6,JuryFavours
MK,NL,3.5,2.83,0.67,6,JuryFavours
DK,MT,2.0,1.33,0.67,6,JuryFavours
FI,IL,3.67,4.33,0.67,9,PublicFavours
GR,LV,0.67,0.0,0.67,6,JuryFavours
RU,LV,1.0,0.33,0.67,3,JuryFavours
IS,AZ,2.17,1.5,0.67,6,JuryFavours
AM,GE,6.33,7.0,0.67,3,PublicFavours
NO,GE,0.67,0.0,0.67,3,JuryFavours
AZ,ES,2.0,1.33,0.67,9,JuryFavours
IL,ES,0.78,1.44,0.67,9,PublicFavours
LV,HR,1.0,1.67,0.67,6,PublicFavours
LT,GB,1.11,0.44,0.67,9,JuryFavours
CY,CZ,3.0,3.67,0.67,6,PublicFavours
RU,CZ,1.67,1.0,0.67,3,JuryFavours
AL,DE,0.67,1.33,0.67,9,PublicFavours
HR,DE,0.0,0.67,0.67,9,PublicFavours
LT,DE,1.78,1.11,0.67,9,JuryFavours
NL,SM,0.0,0.67,0.67,6,PublicFavours
IS,ME,0.0,0.67,0.67,3,PublicFavours
ME,FI,0.67,0.0,0.67,6,JuryFavours
GE,MK,0.0,0.67,0.67,3,PublicFavours
DE,BY,0.67,0.0,0.67,3,JuryFavours
BY,IE,0.67,1.33,0.67,3,PublicFavours
BG,IE,0.67,0.0,0.67,3,JuryFavours
IL,AL,0.67,0.0,0.67,6,JuryFavours
RS,AL,1.5,0.83,0.67,6,JuryFavours
CZ,BY,2.67,2.0,0.67,3,JuryFavours
PT,PL,0.67,0.0,0.67,6,JuryFavours
CZ,AL,2.0,1.33,0.67,6,JuryFavours
MD,AL,1.33,2.0,0.67,6,PublicFavours
AL,IS,1.5,0.83,0.67,6,JuryFavours
AM,IE,0.0,0.67,0.67,3,PublicFavours
IT,LT,3.12,2.5,0.62,8,JuryFavours
AM,IT,3.5,2.88,0.62,8,JuryFavours
LT,HR,1.38,2.0,0.62,8,PublicFavours
AM,GB,0.75,0.12,0.62,8,JuryFavours
LV,AL,0.62,0.0,0.62,8,JuryFavours
FI,PT,3.5,4.12,0.62,8,PublicFavours
BE,FI,2.75,3.38,0.62,8,PublicFavours
BE,MT,2.6,3.2,0.6,5,PublicFavours
UA,LV,6.0,5.4,0.6,5,JuryFavours
BG,AZ,1.6,1.0,0.6,5,JuryFavours
MT,AZ,5.4,6.0,0.6,5,PublicFavours
MD,GE,1.0,0.4,0.6,5,JuryFavours
LT,CZ,2.4,3.0,0.6,5,PublicFavours
SM,IS,4.2,3.6,0.6,5,JuryFavours
DK,IE,2.6,3.2,0.6,5,PublicFavours
BG,DK,1.2,0.6,0.6,5,JuryFavours
IE,DK,0.8,1.4,0.6,5,PublicFavours
IL,DK,1.2,1.8,0.6,5,PublicFavours
SE,RO,0.6,1.2,0.6,5,PublicFavours
GE,IS,3.0,3.6,0.6,5,PublicFavours
IL,SM,0.4,1.0,0.6,5,PublicFavours
EE,AL,0.6,0.0,0.6,5,JuryFavours
AZ,IE,2.6,2.0,0.6,5,JuryFavours
FR,SI,1.4,0.8,0.6,5,JuryFavours
EE,AM,0.71,0.14,0.57,7,JuryFavours
SI,PL,2.0,1.43,0.57,7,JuryFavours
AU,LT,4.14,3.57,0.57,7,JuryFavours
PL,LT,2.14,2.71,0.57,7,PublicFavours
AL,NL,3.29,3.86,0.57,7,PublicFavours
CZ,AT,2.14,2.71,0.57,7,PublicFavours
MD,LV,1.57,1.0,0.57,7,JuryFavours
CY,RS,2.86,3.43,0.57,7,PublicFavours
HR,CY,3.43,4.0,0.57,7,PublicFavours
FR,CY,1.71,1.14,0.57,7,JuryFavours
IT,HR,2.0,2.57,0.57,7,PublicFavours
GB,CZ,2.71,2.14,0.57,7,JuryFavours
LV,SI,1.14,0.57,0.57,7,JuryFavours
DE,IE,1.71,1.14,0.57,7,JuryFavours
AU,AL,0.0,0.57,0.57,7,PublicFavours
IE,GR,0.57,0.0,0.57,7,JuryFavours
GE,EE,4.71,4.14,0.57,7,JuryFavours
CY,CH,2.43,1.86,0.57,7,JuryFavours
HR,SE,3.78,3.22,0.56,9,JuryFavours
AU,FR,2.56,2.0,0.56,9,JuryFavours
IT,FR,2.22,1.67,0.56,9,JuryFavours
LT,FR,3.22,2.67,0.56,9,JuryFavours
GB,IL,4.0,4.56,0.56,9,PublicFavours
HR,IT,6.78,7.33,0.56,9,PublicFavours
AT,ES,0.67,0.11,0.56,9,JuryFavours
BE,ES,1.89,1.33,0.56,9,JuryFavours
HR,ES,1.33,0.78,0.56,9,JuryFavours
FI,ES,0.11,0.67,0.56,9,PublicFavours
IE,ES,1.44,0.89,0.56,9,JuryFavours
RS,ES,0.78,1.33,0.56,9,PublicFavours
DK,GB,1.56,1.0,0.56,9,JuryFavours
EE,DE,1.11,0.56,0.56,9,JuryFavours
FI,DE,0.56,1.11,0.56,9,PublicFavours
GR,DE,1.11,0.56,0.56,9,JuryFavours
IT,NO,3.89,4.44,0.56,9,PublicFavours
AM,BG,1.75,2.25,0.5,4,PublicFavours
CZ,BG,6.0,6.5,0.5,4,PublicFavours
PL,BG,5.25,4.75,0.5,4,JuryFavours
SE,BG,3.25,2.75,0.5,4,JuryFavours
HU,SE,3.25,2.75,0.5,4,JuryFavours
BG,AM,7.75,7.25,0.5,4,JuryFavours
CH,AM,1.25,0.75,0.5,8,JuryFavours
BG,PL,2.5,3.0,0.5,4,PublicFavours
GE,PL,1.62,2.12,0.5,8,PublicFavours
IS,LV,0.67,0.17,0.5,6,JuryFavours
MK,IT,4.83,5.33,0.5,6,PublicFavours
LT,AZ,3.0,2.5,0.5,6,JuryFavours
UA,AZ,5.25,5.75,0.5,4,PublicFavours
RU,RS,1.75,2.25,0.5,4,PublicFavours
IT,GE,3.0,2.5,0.5,4,JuryFavours
GR,HR,2.17,1.67,0.5,6,JuryFavours
MT,HR,3.17,3.67,0.5,6,PublicFavours
MK,DE,0.5,0.0,0.5,6,JuryFavours
MD,SM,2.5,3.0,0.5,4,PublicFavours
CZ,ME,0.5,0.0,0.5,4,JuryFavours
AM,IS,1.0,0.5,0.5,6,JuryFavours
AT,IS,4.5,5.0,0.5,6,PublicFavours
CH,BY,0.5,0.0,0.5,4,JuryFavours
BY,NO,7.5,8.0,0.5,4,PublicFavours
MK,SI,3.0,2.5,0.5,4,JuryFavours
NO,IE,0.83,1.33,0.5,6,PublicFavours
LT,DK,1.83,2.33,0.5,6,PublicFavours
BY,CH,1.0,1.5,0.5,4,PublicFavours
MK,CH,2.67,3.17,0.5,6,PublicFavours
RO,ES,1.83,1.33,0.5,6,JuryFavours
PT,SI,2.33,1.83,0.5,6,JuryFavours
BG,EE,1.75,2.25,0.5,4,PublicFavours
CH,SM,0.5,0.0,0.5,4,JuryFavours
AT,AL,2.67,3.17,0.5,6,PublicFavours
LV,SM,0.5,0.0,0.5,4,JuryFavours
GB,SM,1.75,1.25,0.5,4,JuryFavours
GR,SE,2.67,2.22,0.44,9,JuryFavours
IS,FR,3.11,3.56,0.44,9,PublicFavours
BE,IL,5.67,5.22,0.44,9,JuryFavours
EE,IL,1.0,1.44,0.44,9,PublicFavours
EE,IT,2.78,3.22,0.44,9,PublicFavours
IS,IT,2.56,2.11,0.44,9,JuryFavours
PL,IT,3.33,2.89,0.44,9,JuryFavours
CZ,ES,1.11,0.67,0.44,9,JuryFavours
LV,ES,0.89,0.44,0.44,9,JuryFavours
AZ,GB,1.33,0.89,0.44,9,JuryFavours
GR,GB,0.11,0.56,0.44,9,PublicFavours
LV,DE,1.0,0.56,0.44,9,JuryFavours
MT,DE,0.0,0.44,0.44,9,PublicFavours
NL,DE,1.89,1.44,0.44,9,JuryFavours
SI,DE,0.0,0.44,0.44,9,PublicFavours
SE,DE,0.11,0.56,0.44,9,PublicFavours
BE,NO,2.0,2.44,0.44,9,PublicFavours
SE,AM,1.57,1.14,0.43,7,JuryFavours
EE,PL,1.29,1.71,0.43,7,PublicFavours
FI,PL,1.86,2.29,0.43,7,PublicFavours
GB,NL,1.71,1.29,0.43,7,JuryFavours
FI,AT,5.86,5.43,0.43,7,JuryFavours
LV,RS,0.71,0.29,0.43,7,JuryFavours
UA,RS,0.43,0.0,0.43,7,JuryFavours
MD,CY,2.86,2.43,0.43,7,JuryFavours
SE,GR,0.0,0.43,0.43,7,PublicFavours
AU,CH,3.14,2.71,0.43,7,JuryFavours
IL,FI,3.71,3.29,0.43,7,JuryFavours
GR,BG,6.8,7.2,0.4,5,PublicFavours
UA,MT,2.0,1.6,0.4,5,JuryFavours
AZ,LV,1.2,0.8,0.4,5,JuryFavours
ES,LV,0.8,0.4,0.4,5,JuryFavours
LV,AZ,3.4,3.0,0.4,5,JuryFavours
NL,AZ,2.6,3.0,0.4,5,PublicFavours
FR,GE,0.4,0.8,0.4,5,PublicFavours
ME,GE,0.4,0.0,0.4,5,JuryFavours
CZ,HR,3.2,2.8,0.4,5,JuryFavours
EE,HR,2.6,3.0,0.4,5,PublicFavours
FR,HR,1.6,2.0,0.4,5,PublicFavours
HR,SM,0.0,0.4,0.4,5,PublicFavours
NL,DK,5.6,6.0,0.4,5,PublicFavours
RO,EE,3.6,3.2,0.4,5,JuryFavours
RS,UA,3.38,3.75,0.38,8,PublicFavours
LT,AM,0.88,0.5,0.38,8,JuryFavours
SM,PL,3.38,3.0,0.38,8,JuryFavours
FR,LT,0.38,0.75,0.38,8,PublicFavours
GR,AT,2.62,2.25,0.38,8,JuryFavours
DK,IL,2.38,2.75,0.38,8,PublicFavours
BE,CY,3.12,2.75,0.38,8,JuryFavours
ES,EE,2.0,2.38,0.38,8,PublicFavours
IT,SI,1.0,0.62,0.38,8,JuryFavours
IL,PT,1.88,1.5,0.38,8,JuryFavours
IS,RU,6.67,6.33,0.33,3,JuryFavours
PL,SE,6.67,7.0,0.33,9,PublicFavours
CH,FR,3.11,2.78,0.33,9,JuryFavours
SM,AM,2.0,1.67,0.33,6,JuryFavours
UA,AM,2.0,1.67,0.33,6,JuryFavours
IL,PL,3.67,3.33,0.33,6,JuryFavours
ME,PL,0.67,1.0,0.33,6,PublicFavours
AT,LT,1.11,0.78,0.33,9,JuryFavours
AL,AT,1.67,2.0,0.33,9,PublicFavours
MT,IL,4.0,4.33,0.33,9,PublicFavours
AT,AZ,2.33,2.0,0.33,6,JuryFavours
CH,AZ,0.33,0.67,0.33,6,PublicFavours
AZ,HU,6.67,7.0,0.33,3,PublicFavours
GB,HU,0.0,0.33,0.33,3,PublicFavours
IE,GE,0.33,0.0,0.33,3,JuryFavours
IS,ES,0.67,0.33,0.33,9,JuryFavours
MK,ES,2.0,1.67,0.33,6,JuryFavours
IE,GB,2.56,2.89,0.33,9,PublicFavours
CY,DE,0.0,0.33,0.33,9,PublicFavours
CY,FI,1.78,1.44,0.33,9,JuryFavours
IL,MK,1.5,1.17,0.33,6,JuryFavours
DK,BY,0.0,0.33,0.33,3,PublicFavours
IT,BY,0.0,0.33,0.33,3,PublicFavours
IE,NO,3.56,3.89,0.33,9,PublicFavours
BG,SI,0.33,0.0,0.33,3,JuryFavours
DE,SI,0.5,0.83,0.33,6,PublicFavours
BY,PT,3.33,3.0,0.33,3,JuryFavours
RO,BG,6.67,7.0,0.33,3,PublicFavours
GB,MD,4.17,4.5,0.33,6,PublicFavours
AL,RO,1.0,1.33,0.33,3,PublicFavours
FI,AL,1.67,1.33,0.33,6,JuryFavours
MT,IE,1.67,2.0,0.33,6,PublicFavours
NL,AL,0.33,0.0,0.33,6,JuryFavours
FI,IE,4.0,3.67,0.33,3,JuryFavours
DK,AM,1.0,0.71,0.29,7,JuryFavours
ES,AM,3.86,3.57,0.29,7,JuryFavours
CY,NL,1.86,1.57,0.29,7,JuryFavours
MT,AT,1.43,1.71,0.29,7,PublicFavours
GR,CZ,2.29,2.57,0.29,7,PublicFavours
AZ,IS,0.29,0.0,0.29,7,JuryFavours
NL,GR,3.43,3.14,0.29,7,JuryFavours
BE,SI,1.0,0.71,0.29,7,JuryFavours
NO,AL,0.0,0.29,0.29,7,PublicFavours
AL,DK,0.43,0.71,0.29,7,PublicFavours
DE,PT,1.43,1.71,0.29,7,PublicFavours
IT,FI,1.71,2.0,0.29,7,PublicFavours
RS,FI,4.86,5.14,0.29,7,PublicFavours
RU,AU,2.75,2.5,0.25,4,JuryFavours
DK,RU,1.5,1.75,0.25,4,PublicFavours
FR,RU,4.0,4.25,0.25,4,PublicFavours
AU,BG,6.5,6.25,0.25,4,JuryFavours
GE,BG,6.0,5.75,0.25,4,JuryFavours
MK,BG,13.5,13.75,0.25,4,PublicFavours
NL,RS,0.75,0.5,0.25,8,JuryFavours
NO,RS,0.75,0.5,0.25,8,JuryFavours
BE,HU,0.5,0.25,0.25,4,JuryFavours
FR,HU,3.75,4.0,0.25,4,PublicFavours
AL,GE,0.25,0.0,0.25,4,JuryFavours
DK,GE,0.0,0.25,0.25,4,PublicFavours
RU,ES,0.25,0.0,0.25,4,JuryFavours
HU,DE,0.0,0.25,0.25,4,PublicFavours
SE,ME,0.0,0.25,0.25,4,PublicFavours
SI,IE,0.25,0.5,0.25,4,PublicFavours
LV,RO,1.5,1.25,0.25,4,JuryFavours
RO,GR,0.5,0.25,0.25,4,JuryFavours
MT,DK,3.25,3.0,0.25,4,JuryFavours
AT,IE,5.5,5.25,0.25,4,JuryFavours
SM,IE,2.0,1.75,0.25,4,JuryFavours
CY,IE,0.75,1.0,0.25,4,PublicFavours
GE,FR,2.22,2.0,0.22,9,JuryFavours
NO,FR,2.56,2.33,0.22,9,JuryFavours
PL,FR,1.44,1.67,0.22,9,PublicFavours
AU,IT,1.89,1.67,0.22,9,JuryFavours
AZ,IT,4.11,4.33,0.22,9,PublicFavours
CY,IT,5.44,5.22,0.22,9,JuryFavours
DK,IT,1.0,1.22,0.22,9,PublicFavours
GB,IT,0.78,0.56,0.22,9,JuryFavours
NL,ES,1.33,1.11,0.22,9,JuryFavours
CH,ES,1.33,1.56,0.22,9,PublicFavours
HR,GB,0.22,0.0,0.22,9,JuryFavours
CY,GB,0.89,0.67,0.22,9,JuryFavours
MT,GB,2.22,2.44,0.22,9,PublicFavours
ES,GB,1.22,1.0,0.22,9,JuryFavours
AT,EE,1.44,1.22,0.22,9,JuryFavours
GE,NO,1.44,1.22,0.22,9,JuryFavours
NL,BG,4.4,4.2,0.2,5,JuryFavours
MD,BE,0.8,0.6,0.2,5,JuryFavours
MK,BE,4.0,3.8,0.2,5,JuryFavours
CZ,LV,0.2,0.0,0.2,5,JuryFavours
NO,AZ,3.4,3.2,0.2,5,JuryFavours
EE,GE,0.6,0.8,0.2,5,PublicFavours
FI,HR,3.0,3.2,0.2,5,PublicFavours
DE,RO,3.8,3.6,0.2,5,JuryFavours
AM,DK,0.0,0.2,0.2,5,PublicFavours
MD,DK,1.2,1.4,0.2,5,PublicFavours
SE,IE,1.0,0.8,0.2,5,JuryFavours
MK,FR,2.0,1.83,0.17,6,JuryFavours
PL,AM,1.5,1.33,0.17,6,JuryFavours
MT,PL,1.67,1.5,0.17,6,JuryFavours
AM,RS,0.83,1.0,0.17,6,PublicFavours
FI,GE,0.5,0.33,0.17,6,JuryFavours
RS,GE,0.5,0.33,0.17,6,JuryFavours
DK,HR,2.17,2.0,0.17,6,JuryFavours
MD,GR,5.17,5.0,0.17,6,JuryFavours
DK,SI,0.67,0.5,0.17,6,JuryFavours
GB,SI,0.17,0.0,0.17,6,JuryFavours
IE,AL,0.33,0.17,0.17,6,JuryFavours
AU,GR,3.33,3.5,0.17,6,PublicFavours
GR,DK,0.0,0.17,0.17,6,PublicFavours
RO,DE,0.83,0.67,0.17,6,JuryFavours
ES,AL,1.17,1.33,0.17,6,PublicFavours
DE,SM,0.0,0.17,0.17,6,PublicFavours
DE,AM,1.0,0.86,0.14,7,JuryFavours
GR,AM,6.71,6.86,0.14,7,PublicFavours
FI,LT,1.57,1.43,0.14,7,JuryFavours
GR,NL,2.71,2.57,0.14,7,JuryFavours
UA,AT,1.14,1.29,0.14,7,PublicFavours
AL,LV,0.14,0.0,0.14,7,JuryFavours
PL,RS,2.57,2.43,0.14,7,JuryFavours
AL,CY,5.71,5.57,0.14,7,JuryFavours
LV,CY,0.86,1.0,0.14,7,PublicFavours
CH,CY,1.57,1.43,0.14,7,JuryFavours
AM,HR,1.71,1.86,0.14,7,PublicFavours
AL,CZ,0.14,0.29,0.14,7,PublicFavours
PL,CZ,3.14,3.0,0.14,7,JuryFavours
CZ,IS,4.29,4.14,0.14,7,JuryFavours
GE,AL,0.57,0.71,0.14,7,PublicFavours
LT,AL,0.14,0.0,0.14,7,JuryFavours
CH,DK,1.43,1.57,0.14,7,PublicFavours
SE,PT,3.0,3.14,0.14,7,PublicFavours
FR,CH,3.86,3.71,0.14,7,JuryFavours
MT,CH,4.29,4.43,0.14,7,PublicFavours
AM,FR,7.12,7.0,0.12,8,JuryFavours
LT,RS,0.12,0.0,0.12,8,JuryFavours
UA,ES,0.0,0.12,0.12,8,PublicFavours
AM,DE,0.75,0.62,0.12,8,JuryFavours
CZ,GR,1.62,1.5,0.12,8,JuryFavours
GR,FR,3.89,4.0,0.11,9,PublicFavours
SM,FR,1.89,1.78,0.11,9,JuryFavours
NL,LT,2.22,2.11,0.11,9,JuryFavours
IE,IT,1.44,1.33,0.11,9,JuryFavours
RS,IT,4.67,4.56,0.11,9,JuryFavours
EE,ES,0.22,0.11,0.11,9,JuryFavours
GE,ES,0.56,0.67,0.11,9,PublicFavours
LT,ES,0.56,0.67,0.11,9,PublicFavours
SI,ES,0.33,0.44,0.11,9,PublicFavours
NL,GB,1.0,0.89,0.11,9,JuryFavours
AZ,DE,0.44,0.33,0.11,9,JuryFavours
IS,DE,1.11,1.22,0.11,9,PublicFavours
GB,DE,0.22,0.33,0.11,9,PublicFavours
IL,NO,3.0,3.11,0.11,9,PublicFavours
AU,RU,3.0,3.0,0.0,4,Aligned
MK,RU,8.0,8.0,0.0,3,Aligned
SI,RU,4.5,4.5,0.0,4,Aligned
RU,FR,2.25,2.25,0.0,4,Aligned
AU,AM,1.0,1.0,0.0,6,Aligned
AZ,AM,0.0,0.0,0.0,8,Aligned
HR,AM,1.38,1.38,0.0,8,Aligned
AZ,LT,0.75,0.75,0.0,8,Aligned
HR,BE,0.83,0.83,0.0,6,Aligned
CH,AT,4.67,4.67,0.0,9,Aligned
CY,LV,0.0,0.0,0.0,4,Aligned
ME,LV,0.0,0.0,0.0,4,Aligned
BY,IT,1.75,1.75,0.0,4,Aligned
UA,IT,3.0,3.0,0.0,8,Aligned
AM,AZ,0.0,0.0,0.0,5,Aligned
IL,AZ,3.17,3.17,0.0,6,Aligned
HR,HU,11.67,11.67,0.0,3,Aligned
AT,GE,0.0,0.0,0.0,3,Aligned
NL,GE,0.0,0.0,0.0,3,Aligned
ES,GE,0.0,0.0,0.0,6,Aligned
CH,GE,0.0,0.0,0.0,3,Aligned
BY,ES,0.0,0.0,0.0,4,Aligned
ME,ES,1.33,1.33,0.0,6,Aligned
PL,ES,0.67,0.67,0.0,9,Aligned
AZ,HR,2.14,2.14,0.0,7,Aligned
IL,HR,2.33,2.33,0.0,6,Aligned
AU,GB,2.22,2.22,0.0,9,Aligned
BY,GB,0.0,0.0,0.0,4,Aligned
UA,CZ,3.0,3.0,0.0,4,Aligned
BY,DE,0.0,0.0,0.0,4,Aligned
MD,DE,0.5,0.5,0.0,8,Aligned
ME,DE,0.0,0.0,0.0,6,Aligned
AM,SM,0.0,0.0,0.0,3,Aligned
SE,SM,0.0,0.0,0.0,6,Aligned
EE,ME,0.0,0.0,0.0,3,Aligned
FR,ME,0.0,0.0,0.0,3,Aligned
HU,ME,0.0,0.0,0.0,3,Aligned
ES,ME,0.25,0.25,0.0,4,Aligned
IS,EE,2.88,2.88,0.0,8,Aligned
BE,MK,0.0,0.0,0.0,5,Aligned
LT,MK,0.4,0.4,0.0,5,Aligned
IE,BY,0.5,0.5,0.0,4,Aligned
MK,BY,0.0,0.0,0.0,4,Aligned
NO,BY,0.0,0.0,0.0,3,Aligned
CH,SI,0.0,0.0,0.0,6,Aligned
MK,IE,0.17,0.17,0.0,6,Aligned
UA,AL,0.0,0.0,0.0,6,Aligned
AU,PT,2.62,2.62,0.0,8,Aligned
AM,RO,0.67,0.67,0.0,3,Aligned
MT,RO,4.8,4.8,0.0,5,Aligned
FR,NO,1.88,1.88,0.0,8,Aligned
RO,AM,0.0,0.0,0.0,4,Aligned
SI,GR,4.0,4.0,0.0,6,Aligned
AZ,DK,0.0,0.0,0.0,4,Aligned
CY,DK,0.0,0.0,0.0,4,Aligned
CZ,DK,2.0,2.0,0.0,5,Aligned
RO,PL,0.25,0.25,0.0,4,Aligned
AM,AL,0.83,0.83,0.0,6,Aligned
BE,ME,0.0,0.0,0.0,3,Aligned
GE,ME,0.0,0.0,0.0,4,Aligned
PL,ME,0.0,0.0,0.0,4,Aligned
AM,SI,0.0,0.0,0.0,6,Aligned
GR,SI,0.83,0.83,0.0,6,Aligned
IS,SI,0.83,0.83,0.0,6,Aligned
FR,IE,0.33,0.33,0.0,3,Aligned
EE,MK,0.0,0.0,0.0,4,Aligned
NL,MK,2.33,2.33,0.0,3,Aligned
IE,SM,0.0,0.0,0.0,5,Aligned
LT,SM,0.0,0.0,0.0,4,Aligned
NO,SM,0.0,0.0,0.0,5,Aligned
UA,SM,0.0,0.0,0.0,4,Aligned
RU,IE,0.0,0.0,0.0,3,Aligned
CY,MK,0.0,0.0,0.0,4,Aligned
ES,MK,0.0,0.0,0.0,3,Aligned
