Source,Target,MutualScore,A_to_B_avg,B_to_A_avg
AZ,RU,39.36,20.0,19.36
ME,RS,37.69,23.4,14.29
MK,RS,37.17,21.17,16.0
AM,RU,36.73,19.73,17.0
MD,RO,36.17,17.8,18.38
AM,GE,35.3,16.45,18.85
CS,MK,34.67,19.67,15.0
AL,MK,34.04,15.25,18.79
CY,GR,32.62,15.78,16.84
AU,SE,32.41,18.3,14.11
CS,HR,32.0,14.0,18.0
HR,RS,31.97,16.47,15.5
AL,GR,31.76,16.55,15.21
BA,RS,31.33,18.33,13.0
AZ,TR,31.2,14.4,16.8
LT,LV,31.06,17.21,13.85
BA,CS,30.67,17.0,13.67
MD,RU,30.13,17.8,12.33
AU,BE,28.88,15.0,13.88
BY,UA,28.27,15.36,12.92
RS,SI,27.73,11.73,16.0
AL,IT,27.49,14.86,12.64
GE,UA,27.1,15.4,11.7
MD,UA,26.87,16.94,9.93
AZ,GE,26.31,11.22,15.08
BY,RU,26.27,15.14,11.12
AZ,UA,26.16,15.47,10.69
AM,FR,25.84,8.41,17.43
AM,GR,25.64,12.76,12.88
BG,GR,25.02,13.46,11.56
BA,ME,24.9,9.5,15.4
AM,CY,24.71,15.0,9.71
LT,UA,24.63,15.63,9.0
BA,MK,24.27,12.67,11.6
PL,UA,24.06,15.39,8.67
AU,IS,23.75,8.38,15.38
CS,GR,23.67,11.67,12.0
HR,MK,23.62,12.15,11.47
BG,RS,23.4,9.4,14.0
AU,IL,23.27,11.6,11.67
AU,PL,23.26,4.89,18.38
BG,MK,23.24,9.91,13.33
AL,ME,22.9,8.6,14.3
EE,FI,22.88,11.96,10.92
GE,LT,22.82,10.07,12.75
IT,MD,22.74,17.67,5.08
CS,UA,21.83,8.33,13.5
AU,UA,21.82,11.25,10.57
IT,UA,21.75,17.42,4.33
RU,UA,21.73,11.47,10.27
CS,SI,21.67,4.67,17.0
AU,DK,21.38,8.0,13.38
EE,LV,21.2,9.11,12.09
AT,BG,21.12,11.0,10.12
AU,MT,20.95,12.29,8.67
AD,ES,20.8,10.0,10.8
AU,FI,20.78,7.89,12.89
AU,BG,20.75,12.75,8.0
BG,TR,20.71,13.71,7.0
BA,HR,20.56,10.35,10.21
GE,TR,20.4,7.4,13.0
ME,MK,20.4,12.4,8.0
HU,RS,20.38,6.2,14.18
AZ,MT,20.12,9.83,10.29
BG,CY,20.11,6.91,13.2
MD,PT,20.03,6.46,13.57
AZ,IL,19.87,12.93,6.93
AU,MD,19.84,10.71,9.12
AL,CH,19.68,7.94,11.74
AU,EE,19.43,7.57,11.86
HR,SI,19.32,8.24,11.08
ME,SI,19.25,11.38,7.88
AL,TR,19.22,12.56,6.67
CH,RS,19.2,13.93,5.27
AZ,MD,19.13,7.2,11.93
CH,CS,18.67,18.0,0.67
AZ,HU,18.67,7.67,11.0
CZ,IL,18.65,9.85,8.8
BA,TR,18.61,8.31,10.29
MK,TR,18.56,11.36,7.2
IL,UA,18.06,12.0,6.06
AM,NL,18.05,6.79,11.27
IT,MT,18.0,6.0,12.0
AT,CS,18.0,18.0,0.0
CZ,UA,18.0,14.0,4.0
LV,UA,17.93,13.0,4.93
IT,SM,17.79,6.0,11.79
AU,LV,17.79,7.67,10.12
PT,UA,17.58,13.22,4.35
BY,GE,17.5,8.8,8.7
EE,SE,17.48,11.21,6.27
AM,IL,17.48,7.21,10.27
IT,RO,17.48,10.3,7.18
HU,RO,17.36,5.0,12.36
AU,CY,17.33,9.0,8.33
IE,LT,17.3,12.3,5.0
AM,UA,17.25,9.87,7.38
AM,BG,17.24,3.44,13.8
DK,SE,17.18,10.35,6.82
BY,MD,17.15,9.45,7.7
DK,IS,17.14,8.24,8.9
AU,ES,17.03,3.6,13.43
CS,CY,17.0,2.0,15.0
CS,SE,17.0,3.0,14.0
AU,NO,17.0,6.5,10.5
LT,LU,17.0,4.0,13.0
IS,SE,16.93,10.47,6.46
AZ,CZ,16.87,5.57,11.3
GR,SM,16.82,4.18,12.64
AU,GB,16.78,4.0,12.78
CZ,SE,16.75,11.85,4.9
MK,SI,16.64,5.64,11.0
EE,LT,16.5,6.9,9.6
AU,IE,16.4,10.0,6.4
AZ,GR,16.27,7.12,9.14
CZ,HU,16.26,6.86,9.4
BA,SI,16.22,7.33,8.88
AZ,RO,16.17,7.58,8.58
BG,MD,16.11,6.67,9.44
NO,SE,16.03,9.57,6.46
CS,RO,16.0,4.0,12.0
CS,HU,16.0,14.0,2.0
AZ,CY,15.95,7.15,8.8
HR,UA,15.92,9.21,6.71
AL,CS,15.83,8.5,7.33
AU,LT,15.78,8.88,6.9
HR,ME,15.67,5.67,10.0
BG,ES,15.57,2.07,13.5
GR,MD,15.52,8.88,6.65
BG,HU,15.51,5.22,10.29
HR,LU,15.5,4.0,11.5
GE,RU,15.5,6.75,8.75
LU,UA,15.5,10.0,5.5
AM,CZ,15.45,4.9,10.55
IL,RU,15.37,10.25,5.12
CZ,HR,15.34,4.62,10.71
LT,NO,15.27,6.83,8.43
AZ,BY,15.25,9.33,5.92
AU,HU,15.2,3.2,12.0
GE,LV,15.18,10.1,5.08
AM,TR,15.17,2.67,12.5
CZ,FI,15.17,6.67,8.5
EE,RU,15.15,11.95,3.2
HU,NL,15.01,9.15,5.86
CS,FI,15.0,5.0,10.0
IL,RO,14.85,9.89,4.95
AZ,BG,14.83,7.83,7.0
CZ,SI,14.66,7.29,7.38
FI,IS,14.65,7.17,7.48
AM,MT,14.57,10.2,4.38
CY,RU,14.54,9.65,4.89
AT,RS,14.53,9.71,4.82
HU,IS,14.45,8.38,6.07
GR,RO,14.42,6.42,8.0
AZ,ME,14.26,4.86,9.4
AM,BY,14.16,5.8,8.36
CZ,PT,14.13,7.83,6.3
IT,PL,14.12,7.89,6.23
AU,CZ,14.12,6.25,7.88
AL,BG,14.1,11.6,2.5
CZ,IS,14.09,6.45,7.64
DK,NO,14.06,7.02,7.04
RS,SE,14.05,8.12,5.93
BG,GB,14.01,2.29,11.73
IS,NO,13.97,7.75,6.22
GR,RU,13.95,8.29,5.67
LV,RU,13.88,12.0,1.88
HR,IT,13.86,10.5,3.36
AM,MD,13.84,6.27,7.57
EE,UA,13.81,9.25,4.56
AU,RU,13.8,8.8,5.0
LT,RU,13.76,9.89,3.87
AL,BA,13.71,8.33,5.38
GR,RS,13.68,4.47,9.21
CZ,EE,13.64,5.64,8.0
AL,SM,13.64,7.56,6.08
AU,GR,13.62,6.5,7.12
BY,LT,13.6,7.21,6.38
BG,CZ,13.57,3.71,9.86
GE,GR,13.55,6.33,7.21
CZ,MD,13.5,9.25,4.25
MT,SK,13.4,5.4,8.0
AU,BY,13.4,2.0,11.4
BG,IL,13.39,6.75,6.64
MT,SE,13.36,9.0,4.36
CS,NL,13.33,0.33,13.0
ME,RU,13.3,12.3,1.0
AL,HR,13.27,4.67,8.6
GE,IL,13.27,7.27,6.0
FI,SE,13.25,7.6,5.65
AU,RS,13.22,6.67,6.56
RO,TR,13.15,8.92,4.23
AL,AZ,13.11,6.47,6.64
AU,BA,13.0,0,13.0
AL,LU,13.0,6.0,7.0
LU,LV,13.0,9.0,4.0
LU,ME,13.0,0.0,13.0
AM,BE,12.98,2.64,10.33
BE,PL,12.95,6.42,6.53
SE,UA,12.95,6.45,6.5
RS,RU,12.92,8.83,4.08
NO,UA,12.87,6.4,6.47
GB,LT,12.86,11.42,1.44
BA,CZ,12.83,7.33,5.5
AZ,BA,12.83,4.0,8.83
MD,SM,12.79,4.43,8.36
LV,SE,12.75,9.96,2.79
AM,AT,12.75,5.58,7.17
AU,CH,12.7,5.12,7.57
AD,PT,12.67,10.67,2.0
FR,IL,12.6,8.54,4.07
CZ,IE,12.55,6.43,6.12
CS,DE,12.5,0.0,12.5
BG,SM,12.47,0.67,11.8
ES,RO,12.43,9.95,2.48
AM,ME,12.4,5.5,6.9
FR,RS,12.31,8.25,4.06
BG,UA,12.26,8.93,3.33
AZ,SM,12.23,4.73,7.5
FI,RS,12.21,5.43,6.79
IT,RS,12.2,4.82,7.38
SK,UA,12.17,7.5,4.67
AU,DE,12.1,1.5,10.6
CY,UA,12.06,9.95,2.11
MA,TR,12.0,12.0,0.0
HR,HU,12.0,8.0,4.0
CS,RU,12.0,4.0,8.0
AT,CZ,12.0,7.33,4.67
AT,AU,12.0,5.0,7.0
IT,SI,11.99,1.8,10.19
CZ,PL,11.97,6.3,5.67
CZ,RS,11.86,6.64,5.22
AU,FR,11.85,4.1,7.75
IT,LT,11.84,4.77,7.07
AT,BA,11.79,7.71,4.08
DK,LV,11.75,5.3,6.45
AU,PT,11.75,4.89,6.86
CZ,MK,11.74,6.17,5.57
GB,IE,11.72,7.0,4.72
IT,RU,11.7,7.0,4.7
AM,SE,11.69,8.29,3.4
IE,LV,11.67,8.35,3.32
IT,MK,11.65,3.83,7.82
LV,NO,11.64,7.3,4.33
HU,SM,11.61,4.5,7.11
BG,FI,11.58,3.8,7.78
DK,HU,11.57,3.57,8.0
PL,SE,11.56,8.19,3.36
AU,RO,11.5,2.5,9.0
AZ,SE,11.49,7.18,4.31
CZ,RU,11.43,9.43,2.0
AM,ES,11.42,2.29,9.12
NL,UA,11.36,6.95,4.41
BG,PT,11.36,4.36,7.0
FI,HU,11.34,8.77,2.57
SM,TR,11.33,6.33,5.0
AU,HR,11.32,8.2,3.12
AU,MK,11.31,4.6,6.71
AU,SM,11.29,2.0,9.29
HU,UA,11.27,5.73,5.55
SI,UA,11.26,8.7,2.56
BE,CZ,11.24,7.33,3.91
MT,RO,11.23,5.95,5.28
TR,UA,11.23,6.9,4.33
AU,SI,11.21,3.88,7.33
MD,SE,11.19,7.83,3.35
BG,IE,11.19,1.3,9.89
BE,BG,11.17,6.33,4.83
BG,BY,11.13,3.33,7.8
HU,PL,11.12,4.33,6.79
CY,YU,11.1,5.9,5.2
AZ,MK,11.1,5.67,5.43
LT,SE,11.06,7.84,3.22
EE,IT,11.03,4.67,6.36
AL,AU,11.02,10.14,0.88
BG,GE,11.0,5.0,6.0
DK,UA,10.98,7.68,3.29
HU,RU,10.95,6.8,4.15
IE,SE,10.94,5.84,5.1
BY,IL,10.93,5.93,5.0
ME,UA,10.91,7.91,3.0
LT,PL,10.87,5.28,5.59
RO,RU,10.84,7.26,3.58
AT,HU,10.83,6.08,4.75
DK,EE,10.82,4.61,6.21
BE,UA,10.82,6.55,4.27
BG,NO,10.82,3.0,7.82
BA,SE,10.8,4.11,6.68
EE,HU,10.8,7.13,3.67
DE,PL,10.76,7.95,2.81
GE,MD,10.73,6.0,4.73
AT,HR,10.66,7.8,2.86
BG,MT,10.65,3.1,7.55
DK,IE,10.64,5.38,5.26
AM,IT,10.63,5.33,5.3
GR,ME,10.58,2.0,8.58
ES,PT,10.53,5.8,4.73
BE,NL,10.46,5.44,5.02
BY,PL,10.45,5.45,5.0
GE,IT,10.45,7.07,3.38
HU,NO,10.43,6.62,3.8
EE,GE,10.42,3.92,6.5
FR,PT,10.4,7.12,3.28
AL,AT,10.4,3.56,6.83
BE,RU,10.37,5.68,4.69
MD,NO,10.37,6.71,3.67
IL,NL,10.36,3.8,6.56
IL,SE,10.36,6.11,4.26
IL,MD,10.34,5.21,5.12
BG,EE,10.31,2.09,8.22
NO,PL,10.29,4.7,5.59
CY,GE,10.29,4.75,5.54
EE,IE,10.28,4.64,5.64
CY,IT,10.27,7.09,3.18
CY,RO,10.21,6.0,4.21
AL,CY,10.18,7.65,2.53
TR,YU,10.17,6.67,3.5
BY,CZ,10.17,6.5,3.67
AZ,NO,10.14,5.94,4.2
AU,IT,10.12,4.0,6.12
IL,MT,10.07,4.0,6.07
MT,RU,10.06,5.87,4.19
EE,NO,10.03,6.59,3.44
MT,SM,10.02,4.25,5.77
CZ,ES,10.01,1.23,8.78
DE,MA,10.0,0.0,10.0
BE,LT,10.0,3.0,7.0
BY,CS,10.0,10.0,0.0
CS,NO,10.0,2.0,8.0
AZ,IT,9.99,6.07,3.92
BG,RO,9.98,5.18,4.8
EE,IS,9.93,5.24,4.69
CZ,NL,9.93,5.5,4.43
FI,RU,9.92,7.39,2.53
GB,MT,9.88,5.34,4.54
CH,HR,9.87,5.91,3.95
LU,MT,9.86,4.86,5.0
MK,UA,9.82,7.12,2.7
HR,MT,9.79,5.19,4.6
LV,PT,9.77,5.33,4.44
AZ,LT,9.77,2.57,7.2
IL,LU,9.76,4.0,5.76
IL,IT,9.75,3.97,5.79
DK,NL,9.7,4.96,4.74
NO,RU,9.67,4.0,5.67
BE,GE,9.65,2.83,6.82
CH,PT,9.63,5.9,3.73
AM,PT,9.63,6.85,2.79
RS,UA,9.6,7.53,2.07
MK,MT,9.59,6.94,2.65
IS,PT,9.58,4.91,4.67
IE,PL,9.55,6.45,3.09
AL,SE,9.54,6.6,2.94
NO,RS,9.54,4.6,4.94
BG,IT,9.54,3.88,5.67
CY,SM,9.53,1.62,7.91
AZ,HR,9.52,3.92,5.6
FI,IL,9.5,5.86,3.64
CS,IL,9.5,2.0,7.5
IE,MT,9.48,5.48,4.0
BG,HR,9.45,4.0,5.45
GR,MT,9.43,4.0,5.43
MT,UA,9.42,6.35,3.07
CY,MT,9.39,4.0,5.39
HU,SE,9.39,5.06,4.33
NL,SE,9.35,5.6,3.75
IE,UA,9.33,6.8,2.53
CY,MC,9.33,1.33,8.0
BA,MC,9.33,0.0,9.33
NL,TR,9.31,5.79,3.52
IS,UA,9.3,6.95,2.35
IT,ME,9.3,1.5,7.8
CH,IT,9.26,5.61,3.65
IL,YU,9.21,4.86,4.36
FI,LV,9.19,3.24,5.95
ES,IT,9.16,6.31,2.84
IT,PT,9.16,2.34,6.82
AU,NL,9.12,3.0,6.12
DE,TR,9.11,6.5,2.61
LV,MD,9.1,6.93,2.17
BY,LV,9.08,4.67,4.42
PT,RS,9.05,4.33,4.71
IL,NO,9.04,3.73,5.3
EE,NL,9.04,5.48,3.56
BY,GR,9.04,4.4,4.64
BA,SK,9.03,2.2,6.83
CH,LV,9.02,3.24,5.79
CH,MD,9.02,1.93,7.09
RO,SE,9.01,6.7,2.32
GB,LV,9.01,7.25,1.76
AD,FI,9.0,8.17,0.83
LU,MD,9.0,0.0,9.0
MK,RU,8.96,6.41,2.55
IS,LV,8.96,3.11,5.85
BE,RS,8.96,2.86,6.1
GE,SE,8.96,7.71,1.25
AT,IE,8.95,5.21,3.73
GB,IL,8.95,5.23,3.72
PL,SM,8.95,3.7,5.25
AT,IL,8.94,4.53,4.41
IS,NL,8.94,5.78,3.17
BG,FR,8.93,2.43,6.5
AZ,PL,8.92,3.45,5.46
BG,CH,8.91,3.08,5.83
HR,RU,8.9,6.9,2.0
FR,UA,8.9,5.65,3.25
CH,IL,8.88,5.83,3.05
GB,PL,8.85,6.96,1.89
FR,GR,8.83,4.36,4.48
RO,UA,8.82,6.71,2.12
CH,CZ,8.82,2.45,6.36
CY,RS,8.8,5.4,3.4
CY,IL,8.79,5.0,3.79
BG,DK,8.79,2.43,6.36
AT,RO,8.78,5.38,3.4
BY,EE,8.77,4.92,3.85
RU,SE,8.73,3.73,5.0
AM,MK,8.73,5.57,3.15
GR,IT,8.72,5.17,3.56
LT,PT,8.72,4.55,4.17
NL,SM,8.72,0.44,8.27
CH,NL,8.7,4.11,4.59
MT,NL,8.69,5.0,3.69
LT,NL,8.67,5.95,2.73
CH,IS,8.66,3.69,4.97
FI,NO,8.64,4.11,4.53
BY,MT,8.63,4.38,4.25
FR,MD,8.63,6.69,1.95
MD,RS,8.63,1.93,6.69
AT,CH,8.6,5.29,3.3
CH,MK,8.6,6.38,2.22
CH,IE,8.59,4.65,3.94
MT,NO,8.59,4.77,3.82
CH,PL,8.58,2.06,6.53
RU,SI,8.56,2.94,5.62
DE,RS,8.54,6.6,1.94
CS,DK,8.5,0.0,8.5
CS,PT,8.5,0.0,8.5
AD,IL,8.5,7.5,1.0
AD,HU,8.5,8.5,0.0
GB,SE,8.49,5.41,3.08
AT,EE,8.49,3.39,5.1
IE,RO,8.47,6.0,2.47
IS,PL,8.46,4.33,4.12
BG,PL,8.46,2.75,5.71
NL,NO,8.45,4.43,4.02
MK,RO,8.45,4.21,4.24
NO,RO,8.43,4.33,4.1
MD,ME,8.41,2.11,6.3
AU,GE,8.4,1.78,6.62
CY,SE,8.39,5.54,2.85
MT,TR,8.38,3.95,4.43
PT,RO,8.31,5.31,3.0
BG,RU,8.3,6.64,1.67
SE,SI,8.29,1.15,7.13
AM,SM,8.28,1.56,6.73
AZ,PT,8.27,4.54,3.73
CH,EE,8.25,2.3,5.95
GE,PT,8.25,6.15,2.1
CZ,NO,8.25,4.5,3.75
HU,IL,8.23,3.92,4.31
IE,NO,8.21,4.48,3.73
ME,SE,8.21,6.54,1.67
BE,IE,8.2,4.56,3.64
ES,GR,8.18,4.67,3.51
SE,SM,8.18,0.38,7.8
AD,UA,8.17,8.17,0.0
CS,TR,8.17,0.67,7.5
BA,NO,8.16,2.75,5.41
IL,RS,8.15,1.93,6.21
DK,LT,8.12,4.26,3.86
SE,SK,8.1,0.6,7.5
AL,HU,8.1,4.92,3.18
BE,IL,8.09,5.25,2.84
CY,CZ,8.08,4.44,3.64
AZ,EE,8.08,4.21,3.87
AL,BE,8.07,3.18,4.89
DK,RO,8.04,3.37,4.67
RU,SM,8.03,1.12,6.9
GB,MA,8.0,0.0,8.0
DE,UA,8.0,6.3,1.7
CS,FR,8.0,0.0,8.0
AZ,LU,8.0,8.0,0.0
LU,RS,8.0,2.5,5.5
GE,PL,7.98,3.69,4.29
CH,UA,7.96,3.63,4.33
ME,SM,7.96,4.33,3.62
BG,LT,7.95,3.5,4.45
BE,EE,7.93,3.29,4.64
DE,IL,7.92,5.46,2.47
GB,TR,7.91,4.21,3.71
LV,MT,7.89,3.23,4.67
GR,UA,7.88,5.1,2.78
CH,LT,7.87,2.22,5.65
FR,IT,7.85,4.56,3.29
AT,PL,7.84,4.47,3.37
IE,LU,7.83,3.7,4.13
AT,SI,7.83,2.68,5.14
AM,PL,7.83,2.55,5.29
AT,RU,7.82,6.24,1.59
SM,UA,7.82,7.15,0.67
FI,PL,7.8,1.85,5.95
AZ,LV,7.8,3.08,4.71
BE,LV,7.79,3.53,4.26
AM,CH,7.78,6.08,1.71
BE,SK,7.75,1.0,6.75
AU,AZ,7.75,2.86,4.89
DE,SE,7.72,5.34,2.38
ES,IL,7.72,4.82,2.89
EE,PL,7.72,2.09,5.64
EE,SK,7.71,0.86,6.86
ES,UA,7.7,7.35,0.35
ME,MT,7.7,5.45,2.25
IE,NL,7.66,4.02,3.64
FI,UA,7.66,4.79,2.87
IS,RS,7.65,3.23,4.42
AT,IS,7.64,3.34,4.3
IL,SM,7.62,1.0,6.62
CZ,SM,7.62,2.0,5.62
BE,SE,7.61,5.15,2.46
GR,NL,7.6,3.11,4.49
CH,HU,7.6,4.43,3.17
CH,SE,7.59,4.55,3.04
BY,CY,7.59,3.5,4.09
RS,SK,7.58,2.33,5.25
MD,TR,7.57,1.57,6.0
CH,GR,7.55,4.03,3.53
GB,LU,7.54,2.68,4.86
CH,MT,7.54,2.4,5.14
DK,RU,7.53,4.14,3.39
DK,MT,7.52,3.64,3.88
MD,MK,7.5,3.5,4.0
RO,RS,7.5,4.5,3.0
AD,AZ,7.5,7.5,0.0
IS,YU,7.43,6.86,0.57
IS,SM,7.43,2.1,5.33
FR,LU,7.42,3.06,4.36
IL,MC,7.4,2.4,5.0
CY,HR,7.4,3.4,4.0
IE,RU,7.39,5.33,2.05
DK,IL,7.38,3.32,4.06
CY,MD,7.38,4.13,3.25
BE,HU,7.36,4.0,3.36
GB,UA,7.35,5.0,2.35
FI,IE,7.33,3.59,3.74
FI,LT,7.33,2.74,4.59
AZ,NL,7.33,3.0,4.33
NL,RO,7.32,2.48,4.84
BG,DE,7.32,1.5,5.82
AM,NO,7.31,5.12,2.19
NL,RS,7.3,4.69,2.62
BE,RO,7.29,4.45,2.84
GR,IL,7.28,3.08,4.21
IL,PL,7.26,2.67,4.59
GR,HU,7.25,2.81,4.44
AZ,SK,7.25,0.0,7.25
AT,NL,7.24,4.51,2.73
CH,GB,7.24,3.57,3.67
EE,SM,7.23,2.9,4.33
DE,HR,7.22,5.91,1.31
CH,FI,7.21,2.6,4.6
CH,TR,7.2,5.13,2.07
DK,GB,7.19,3.27,3.92
NL,PL,7.19,3.48,3.71
IE,IL,7.17,4.89,2.28
DE,RU,7.17,5.52,1.65
AM,RO,7.17,2.0,5.17
HR,IE,7.16,3.56,3.6
AT,UA,7.15,4.94,2.21
EE,IL,7.13,2.08,5.04
IL,LV,7.13,3.82,3.3
ES,MD,7.13,5.71,1.42
FR,MC,7.12,2.73,4.39
HR,IL,7.12,4.26,2.86
HR,MD,7.12,3.38,3.75
BA,UA,7.11,4.91,2.2
FR,TR,7.09,5.94,1.15
CZ,MT,7.09,4.27,2.82
BE,FR,7.08,3.67,3.41
EE,PT,7.08,2.42,4.67
IL,LT,7.04,2.59,4.45
FR,NL,7.01,3.68,3.32
IE,IT,7.01,3.17,3.84
BE,GR,7.01,4.27,2.74
BG,NL,7.01,2.92,4.09
AT,SE,7.0,4.37,2.63
CH,MA,7.0,0.0,7.0
IT,MA,7.0,7.0,0.0
BE,IS,7.0,3.61,3.39
HR,SK,7.0,1.6,5.4
CS,MC,7.0,0.0,7.0
CS,ES,7.0,0.0,7.0
AL,PT,6.99,4.44,2.56
RS,SM,6.99,1.57,5.42
NL,PT,6.96,3.3,3.66
BY,NO,6.96,6.6,0.36
BY,HU,6.96,3.08,3.88
CH,FR,6.95,3.68,3.27
AT,GB,6.89,3.86,3.04
CH,NO,6.89,3.07,3.82
DK,PL,6.89,2.63,4.26
FR,IS,6.88,2.94,3.95
AM,BA,6.88,2.71,4.17
CZ,IT,6.88,4.0,2.88
AU,ME,6.88,1.17,5.71
DE,DK,6.87,3.21,3.66
AT,IT,6.86,4.16,2.7
DK,FI,6.85,3.56,3.29
PT,SE,6.85,4.72,2.13
NL,RU,6.85,4.9,1.94
CZ,GE,6.85,2.4,4.45
AT,MT,6.84,3.76,3.08
BA,FR,6.84,3.11,3.74
FI,HR,6.83,3.5,3.33
CZ,GR,6.82,3.42,3.4
PL,SI,6.81,4.59,2.22
LV,PL,6.79,2.06,4.73
BY,RS,6.78,4.0,2.78
CH,DE,6.77,3.11,3.66
AT,LT,6.77,1.1,5.67
EE,GB,6.75,2.23,4.52
BA,CH,6.73,0.73,6.0
BE,PT,6.7,2.82,3.88
CY,IE,6.7,3.45,3.24
CY,ES,6.7,3.49,3.21
CH,SM,6.7,0.7,6.0
BE,TR,6.69,4.52,2.17
BA,NL,6.69,1.4,5.29
MT,RS,6.67,3.87,2.8
LU,PT,6.65,3.19,3.45
HU,MD,6.64,4.18,2.45
CY,GB,6.63,2.29,4.34
LT,MD,6.6,3.47,3.13
IS,LT,6.58,3.35,3.23
FI,MT,6.56,2.74,3.82
CZ,LV,6.56,4.56,2.0
AL,FR,6.55,3.71,2.83
NO,SI,6.54,1.22,5.32
NO,SM,6.54,0.18,6.36
HU,SI,6.53,3.73,2.8
EE,MD,6.52,2.29,4.22
MD,PL,6.52,1.6,4.92
GE,SM,6.52,4.7,1.82
CS,MD,6.5,5.5,1.0
BA,SM,6.5,5.0,1.5
AU,LU,6.5,5.0,1.5
AL,IL,6.49,5.72,0.76
BA,DE,6.48,1.83,4.65
HU,IE,6.47,4.0,2.47
AD,GR,6.47,5.67,0.8
AL,SI,6.47,2.06,4.41
HU,TR,6.46,3.33,3.12
BA,BG,6.45,2.57,3.88
ES,FR,6.44,3.19,3.24
AT,MD,6.41,4.54,1.87
AZ,CH,6.41,4.85,1.56
HR,NL,6.4,3.44,2.96
FR,PL,6.4,3.92,2.48
CY,LT,6.4,4.05,2.35
FR,RU,6.39,3.52,2.87
AL,MT,6.39,3.69,2.71
FI,SM,6.38,2.0,4.38
IT,NO,6.36,3.36,3.0
FI,IT,6.36,4.58,1.77
DE,IE,6.36,3.3,3.05
AZ,ES,6.36,1.82,4.53
CH,DK,6.33,1.81,4.52
FR,SE,6.33,3.3,3.03
LV,NL,6.33,4.65,1.68
AZ,IE,6.33,3.08,3.25
MD,SK,6.33,2.33,4.0
CY,EE,6.31,3.12,3.19
IL,PT,6.3,1.38,4.92
HR,LT,6.3,3.48,2.82
AZ,SI,6.29,2.69,3.6
IT,TR,6.28,1.53,4.75
BG,SI,6.28,1.56,4.73
AT,DK,6.27,3.06,3.21
HR,SE,6.27,3.6,2.67
ME,TR,6.25,3.75,2.5
DE,NL,6.24,3.49,2.75
FI,GB,6.22,2.86,3.36
DK,SI,6.22,1.09,5.12
GR,PT,6.21,2.77,3.44
GB,IS,6.2,4.28,1.92
DE,HU,6.2,4.79,1.41
AL,NL,6.2,5.38,0.82
AL,UA,6.19,5.05,1.13
AT,AZ,6.18,4.18,2.0
AL,RU,6.16,4.8,1.36
BE,IT,6.13,3.77,2.36
IS,RU,6.12,4.52,1.6
AL,AM,6.12,5.0,1.12
BE,GB,6.1,3.2,2.89
IS,IT,6.09,3.09,3.0
PL,RU,6.09,4.21,1.88
AT,GR,6.08,2.0,4.08
CY,ME,6.08,0.75,5.33
GB,YU,6.07,2.56,3.52
IS,MD,6.06,3.06,3.0
FR,RO,6.05,4.7,1.35
LV,SI,6.05,2.17,3.88
DE,ES,6.02,2.13,3.89
CY,HU,6.02,2.88,3.14
CH,ES,6.0,3.2,2.8
GB,PT,6.0,2.46,3.54
MA,SE,6.0,6.0,0.0
BE,SM,5.97,1.67,4.31
AT,DE,5.96,3.04,2.92
FR,IE,5.95,2.49,3.46
CH,RO,5.95,1.74,4.21
NL,SI,5.94,1.5,4.44
DE,LV,5.94,3.74,2.2
IT,SE,5.93,3.29,2.64
IE,IS,5.93,2.41,3.52
HR,PT,5.92,3.4,2.52
FI,MD,5.9,3.24,2.67
MK,SE,5.89,4.6,1.29
AT,LV,5.89,2.73,3.16
GR,MC,5.88,2.0,3.88
BA,DK,5.87,0.8,5.07
DE,IT,5.84,3.41,2.43
HR,TR,5.84,2.95,2.89
EE,RS,5.84,1.38,4.47
GR,SK,5.83,1.4,4.43
CZ,RO,5.83,1.67,4.17
CZ,GB,5.83,3.0,2.83
BE,SI,5.82,1.04,4.78
HU,PT,5.82,2.46,3.36
BE,MD,5.81,2.88,2.93
BE,ES,5.8,2.77,3.03
MD,NL,5.8,2.69,3.11
BG,ME,5.8,0.0,5.8
GE,HU,5.8,2.55,3.25
CZ,FR,5.79,2.69,3.1
DE,PT,5.78,2.38,3.4
GR,NO,5.78,2.51,3.27
HU,MT,5.77,3.5,2.27
AL,ES,5.77,3.71,2.05
AT,FR,5.76,3.2,2.57
GB,MC,5.75,2.29,3.46
DE,GB,5.73,3.11,2.62
AD,SE,5.73,5.33,0.4
MD,SI,5.73,1.33,4.4
AM,EE,5.73,4.07,1.67
HR,NO,5.71,3.86,1.85
AT,BY,5.7,2.5,3.2
DE,FR,5.68,3.18,2.49
ES,MT,5.68,3.41,2.27
GB,GR,5.68,3.66,2.02
GR,HR,5.68,2.45,3.22
HU,ME,5.68,0.57,5.11
AD,RO,5.67,5.67,0.0
AD,MC,5.67,5.67,0.0
AM,DE,5.67,1.0,4.67
DE,NO,5.66,3.62,2.03
BY,IS,5.66,4.08,1.58
BY,SE,5.64,5.33,0.31
GR,PL,5.62,2.54,3.08
EE,FR,5.62,2.83,2.79
FI,GR,5.61,2.85,2.76
SE,TR,5.61,2.76,2.85
EE,SI,5.61,1.78,3.83
ES,RU,5.59,4.64,0.96
PL,RS,5.59,4.92,0.67
BA,MT,5.58,4.0,1.58
AZ,BE,5.58,2.38,3.2
AT,GE,5.57,0.3,5.27
BE,DK,5.54,2.45,3.09
AT,BE,5.54,1.96,3.58
ES,IE,5.54,3.92,1.62
AZ,RS,5.52,2.23,3.29
DE,GR,5.5,4.37,1.14
LU,SI,5.5,0.5,5.0
CS,GB,5.5,0.0,5.5
ME,PT,5.5,3.5,2.0
IT,LV,5.49,1.64,3.86
FR,GB,5.48,3.22,2.26
AL,DE,5.46,2.52,2.94
GE,MT,5.46,2.69,2.77
BE,CY,5.45,2.78,2.67
GB,NO,5.44,2.56,2.89
FR,YU,5.44,1.72,3.72
EE,MT,5.44,3.0,2.44
GE,RS,5.43,4.21,1.21
AT,TR,5.42,2.69,2.73
CY,FI,5.42,1.86,3.56
LT,MT,5.42,3.05,2.38
CY,IS,5.41,1.65,3.77
GB,MD,5.41,4.47,0.95
MT,YU,5.4,2.0,3.4
RO,SI,5.4,3.5,1.9
ES,SM,5.4,3.33,2.07
IT,NL,5.39,3.09,2.3
BE,DE,5.37,2.78,2.59
ES,IS,5.37,4.43,0.95
CH,SI,5.35,0.6,4.75
CY,FR,5.34,3.75,1.59
ES,SE,5.33,4.02,1.31
HR,MC,5.33,0.0,5.33
AZ,FI,5.33,3.14,2.19
BA,FI,5.32,1.54,3.79
AL,IS,5.32,2.17,3.16
HR,LV,5.31,2.38,2.94
DK,MD,5.31,3.25,2.06
HR,IS,5.3,1.69,3.61
IT,MC,5.29,2.67,2.62
CH,GE,5.28,0.2,5.08
IE,YU,5.27,2.36,2.91
LV,SM,5.27,0.67,4.6
IT,YU,5.25,1.33,3.92
FI,SI,5.24,2.76,2.48
DE,RO,5.24,3.59,1.65
CY,NO,5.23,2.87,2.36
IL,IS,5.23,2.23,3.0
AT,FI,5.22,2.06,3.15
AD,IS,5.2,4.0,1.2
AD,NL,5.2,3.8,1.4
CY,PL,5.19,2.67,2.52
BE,NO,5.18,3.08,2.09
PT,SI,5.18,2.26,2.92
ES,HU,5.18,4.12,1.06
HU,IT,5.17,3.5,1.67
GE,NL,5.16,3.86,1.3
BA,IT,5.15,2.4,2.75
LT,SI,5.14,2.1,3.05
CY,DK,5.13,2.53,2.6
AL,MD,5.13,3.0,2.13
LU,SE,5.12,2.47,2.65
ES,TR,5.09,1.62,3.47
CZ,LT,5.09,2.09,3.0
DE,MT,5.08,3.94,1.14
IS,MT,5.08,2.15,2.93
GB,NL,5.07,2.42,2.65
IE,SK,5.06,1.2,3.86
AL,PL,5.06,2.06,3.0
IE,MD,5.04,3.81,1.23
CZ,DE,5.03,1.69,3.33
FR,NO,5.02,1.71,3.31
IE,PT,5.01,1.38,3.63
ES,MA,5.0,0.0,5.0
RU,TR,5.0,1.67,3.33
MC,UA,5.0,5.0,0.0
BE,CS,5.0,5.0,0.0
CS,LV,5.0,0.0,5.0
CS,MT,5.0,0.0,5.0
CZ,LU,5.0,0.0,5.0
AL,RO,4.98,2.62,2.36
DK,RS,4.98,1.41,3.57
DE,LU,4.97,2.45,2.53
LU,NL,4.96,2.54,2.42
CY,SI,4.96,1.54,3.42
BE,CH,4.94,3.25,1.69
IE,MC,4.94,2.11,2.83
GR,LU,4.94,1.94,3.0
PL,RO,4.94,2.94,2.0
AL,FI,4.94,2.47,2.47
DE,IS,4.93,2.66,2.28
GB,IT,4.92,1.71,3.21
BE,FI,4.92,2.09,2.83
IL,MK,4.92,1.17,3.75
DK,FR,4.91,2.21,2.69
IE,TR,4.91,0.77,4.13
RO,SM,4.9,1.3,3.6
FR,SM,4.89,1.89,3.0
FI,FR,4.88,3.09,1.79
FR,HU,4.88,4.0,0.88
AM,FI,4.88,3.0,1.88
HU,LV,4.87,2.2,2.67
IL,SI,4.86,2.18,2.68
DE,MC,4.83,2.33,2.5
IS,SK,4.83,1.67,3.17
CS,IE,4.83,0.33,4.5
BY,ME,4.83,0.83,4.0
PT,SM,4.83,1.17,3.67
DK,SM,4.83,1.33,3.5
HR,SM,4.83,0.83,4.0
FI,NL,4.82,2.68,2.14
CH,CY,4.82,2.0,2.82
FR,LT,4.82,1.14,3.68
PT,RU,4.82,4.56,0.27
BY,HR,4.82,3.27,1.55
CZ,DK,4.81,4.11,0.7
AM,LV,4.8,1.0,3.8
SE,YU,4.79,1.88,2.92
ES,NL,4.79,3.07,1.72
BA,IE,4.79,3.38,1.41
PL,PT,4.79,3.96,0.83
AZ,GB,4.79,1.59,3.2
GR,SI,4.78,1.26,3.52
BG,IS,4.78,1.42,3.36
BE,MT,4.77,3.14,1.63
DE,EE,4.77,2.81,1.97
CH,LU,4.76,1.39,3.37
DE,LT,4.75,2.91,1.84
DK,IT,4.74,1.37,3.37
AL,NO,4.74,3.43,1.32
AD,NO,4.73,4.33,0.4
DE,FI,4.72,2.81,1.91
GR,IS,4.72,2.22,2.5
IT,LU,4.69,2.26,2.43
ES,RS,4.69,3.57,1.12
EE,HR,4.68,1.96,2.72
FI,RO,4.68,1.83,2.84
MK,NL,4.68,3.18,1.5
AT,PT,4.67,2.17,2.5
AT,SK,4.67,1.0,3.67
AD,RU,4.67,3.67,1.0
AL,RS,4.66,3.36,1.31
GR,IE,4.64,3.06,1.59
ES,LU,4.63,2.03,2.6
GB,RO,4.63,3.29,1.35
GB,SM,4.63,1.5,3.13
AM,RS,4.62,3.08,1.54
IL,ME,4.62,0.89,3.73
AZ,DK,4.62,1.55,3.08
BA,GR,4.61,3.5,1.11
GB,RU,4.61,2.95,1.65
AZ,FR,4.61,1.18,3.43
CY,LU,4.6,3.14,1.46
FI,PT,4.58,2.4,2.18
CY,NL,4.56,2.16,2.4
DK,HR,4.52,1.43,3.09
BG,SE,4.51,2.43,2.08
AT,ES,4.5,1.64,2.86
NO,SK,4.5,0.0,4.5
BA,RU,4.5,3.56,0.94
AL,GB,4.5,2.14,2.35
BG,CS,4.5,4.0,0.5
LU,PL,4.5,1.5,3.0
MD,MT,4.48,2.62,1.87
NO,PT,4.45,1.96,2.48
ME,NO,4.43,3.83,0.6
BY,SI,4.42,2.58,1.83
ES,GB,4.36,2.72,1.64
ES,MC,4.36,1.77,2.59
BE,BY,4.36,0.29,4.08
AM,HU,4.36,1.25,3.11
EE,RO,4.35,1.85,2.5
BG,LV,4.35,0.44,3.91
BY,PT,4.34,3.09,1.25
AD,FR,4.33,4.33,0.0
GE,IS,4.33,3.08,1.25
GB,HR,4.31,2.11,2.2
LU,MC,4.3,2.15,2.15
AT,NO,4.29,2.39,1.9
FR,HR,4.27,1.87,2.4
AT,MK,4.25,3.08,1.17
BY,MK,4.22,1.47,2.75
IS,SI,4.21,1.48,2.73
AD,MT,4.2,3.6,0.6
EE,GR,4.19,1.5,2.69
AZ,IS,4.19,0.44,3.75
GR,TR,4.18,1.29,2.89
AM,IS,4.18,1.93,2.25
ES,FI,4.17,2.34,1.83
DK,TR,4.17,3.1,1.07
CS,IS,4.17,0.67,3.5
FI,LU,4.15,2.85,1.29
NL,YU,4.12,1.54,2.58
CY,PT,4.12,1.83,2.29
FR,LV,4.12,1.76,2.36
AM,AU,4.12,2.12,2.0
GB,HU,4.1,1.87,2.24
AM,HR,4.08,2.62,1.47
ME,RO,4.08,3.2,0.88
LT,SM,4.08,0.0,4.08
CH,YU,4.07,1.07,3.0
CH,RU,4.07,1.74,2.33
LT,RS,4.07,1.0,3.07
FI,GE,4.07,1.57,2.5
LU,YU,4.04,1.48,2.56
HR,RO,4.02,1.58,2.44
FR,MT,4.01,2.18,1.84
DK,ME,4.01,0.71,3.3
MA,NO,4.0,4.0,0.0
BA,RO,4.0,2.0,2.0
GE,HR,4.0,2.0,2.0
DK,SK,4.0,0.0,4.0
EE,LU,4.0,0.0,4.0
MK,NO,3.98,2.37,1.62
PT,SK,3.97,1.8,2.17
MC,NL,3.96,2.04,1.92
MC,SE,3.95,1.71,2.24
IS,RO,3.94,2.56,1.39
CH,MC,3.92,1.67,2.25
GR,SE,3.92,2.19,1.74
BY,SM,3.92,3.67,0.25
FI,MC,3.9,1.95,1.95
BE,YU,3.89,2.33,1.56
DK,MC,3.85,1.23,2.62
BE,LU,3.83,2.03,1.81
DK,PT,3.81,1.66,2.15
AL,DK,3.79,0.95,2.83
FR,SI,3.78,1.41,2.37
GB,MK,3.78,2.07,1.71
HU,MK,3.75,1.33,2.42
AD,PL,3.75,2.0,1.75
ES,PL,3.72,2.68,1.04
HR,PL,3.71,0.71,3.0
ES,NO,3.7,2.18,1.52
ES,YU,3.7,1.89,1.81
IL,TR,3.7,1.45,2.25
IE,SI,3.69,1.56,2.12
MT,PT,3.68,1.68,2.0
GR,MK,3.67,0.62,3.05
MC,RO,3.67,3.67,0.0
LT,MC,3.67,0.0,3.67
AT,CY,3.66,1.06,2.61
AT,LU,3.64,2.39,1.24
MT,SI,3.63,1.55,2.09
ES,HR,3.62,1.79,1.83
SI,SM,3.6,0.38,3.22
FR,GE,3.58,1.23,2.35
DK,MK,3.57,1.85,1.72
MK,SM,3.57,2.17,1.4
IE,SM,3.56,0.0,3.56
AT,YU,3.55,1.68,1.86
DK,YU,3.53,3.12,0.41
NO,TR,3.52,1.79,1.73
FI,MK,3.51,0.69,2.82
MC,MT,3.5,1.67,1.83
GR,YU,3.5,1.8,1.7
CS,LT,3.5,2.0,1.5
AD,CZ,3.5,0.0,3.5
AM,SK,3.5,0,3.5
AT,SM,3.48,0.67,2.82
CY,MK,3.47,0.36,3.11
BE,MC,3.46,1.67,1.79
BA,MD,3.44,1.11,2.33
EE,ES,3.43,0.53,2.9
BE,MK,3.41,0.0,3.41
CY,LV,3.4,1.5,1.9
FI,YU,3.38,1.88,1.5
FI,TR,3.38,1.9,1.48
MK,PL,3.38,2.08,1.3
LV,MK,3.38,1.0,2.38
IE,RS,3.34,1.88,1.46
DK,GR,3.33,2.08,1.24
BA,BY,3.33,1.0,2.33
LV,MC,3.33,0.0,3.33
GE,NO,3.33,3.06,0.27
CZ,ME,3.33,1.0,2.33
AL,SK,3.33,2.0,1.33
BY,IT,3.33,2.0,1.33
HU,LT,3.31,1.08,2.23
DE,GE,3.31,2.08,1.24
GE,SI,3.31,2.17,1.14
DE,YU,3.3,1.37,1.93
GE,RO,3.3,2.5,0.8
CY,DE,3.29,1.38,1.92
BY,NL,3.27,2.77,0.5
IL,SK,3.25,0.0,3.25
BY,TR,3.25,2.25,1.0
DK,GE,3.25,0.5,2.75
BY,RO,3.24,2.08,1.17
BY,FI,3.24,2.08,1.17
GR,LV,3.21,1.16,2.05
MC,TR,3.2,2.2,1.0
BA,BE,3.2,1.47,1.73
DE,SK,3.17,0.0,3.17
DE,MD,3.15,2.62,0.53
GB,GE,3.15,1.8,1.35
LU,NO,3.14,1.4,1.74
MT,PL,3.13,1.7,1.43
MC,YU,3.12,1.12,2.0
BA,PL,3.12,1.79,1.33
AD,TR,3.1,2.5,0.6
AD,LT,3.1,2.6,0.5
AM,DK,3.1,1.5,1.6
AL,EE,3.05,2.61,0.44
DK,ES,3.03,0.88,2.15
DK,LU,3.02,1.56,1.46
AT,MC,3.0,1.56,1.44
MC,PT,3.0,1.28,1.72
AT,MA,3.0,0.0,3.0
AL,BY,3.0,1.0,2.0
AD,DK,3.0,3.0,0.0
AZ,DE,3.0,0.47,2.53
LT,RO,2.95,1.47,1.47
BY,CH,2.9,2.75,0.15
DE,MK,2.86,2.33,0.52
ME,NL,2.86,2.0,0.86
ES,LV,2.85,1.85,1.0
EE,ME,2.83,0.0,2.83
ES,SI,2.82,1.92,0.9
GB,RS,2.82,1.93,0.88
BE,ME,2.82,0.0,2.82
LU,TR,2.81,1.19,1.62
DE,SI,2.8,1.35,1.45
PL,SK,2.8,1.0,1.8
GR,LT,2.78,1.0,1.78
AM,SI,2.77,0.85,1.93
IS,TR,2.71,1.29,1.42
IS,LU,2.7,1.4,1.3
MC,NO,2.68,1.23,1.45
BA,IL,2.67,2.27,0.4
AD,AT,2.67,2.67,0.0
CZ,TR,2.67,2.33,0.33
IS,ME,2.67,0.25,2.42
NO,YU,2.65,1.62,1.04
BA,GB,2.63,1.74,0.89
BY,DK,2.63,2.25,0.38
PT,YU,2.61,1.3,1.3
AD,SI,2.6,1.6,1.0
CY,SK,2.57,0.0,2.57
GB,SI,2.55,0.88,1.67
FR,ME,2.54,1.0,1.54
CS,PL,2.5,0.0,2.5
AD,AL,2.5,1.0,1.5
IT,SK,2.5,0.0,2.5
GB,SK,2.43,0.0,2.43
SI,SK,2.4,0.6,1.8
AD,LV,2.4,2.4,0.0
EE,MK,2.37,0.13,2.24
ES,ME,2.36,0.67,1.69
EE,TR,2.34,0.88,1.47
EE,MC,2.33,0.67,1.67
MC,SI,2.33,2.33,0.0
AT,ME,2.33,0.0,2.33
BY,SK,2.33,1.0,1.33
AM,LT,2.32,1.14,1.18
FR,MK,2.29,1.0,1.29
AL,GE,2.29,1.09,1.2
AL,IE,2.27,1.54,0.73
ES,LT,2.22,1.3,0.92
MK,PT,2.22,1.77,0.45
BA,ES,2.21,1.58,0.63
AL,CZ,2.21,0.3,1.91
AD,IE,2.2,1.2,1.0
BY,FR,2.19,0.69,1.5
BE,HR,2.18,1.27,0.9
SI,TR,2.18,1.06,1.12
LV,RS,2.18,1.0,1.18
RO,SK,2.17,1.0,1.17
GE,MK,2.17,0.67,1.5
PT,TR,2.16,0.66,1.5
RU,SK,2.13,0.33,1.8
CH,ME,2.1,0.6,1.5
LV,RO,2.09,1.16,0.93
BY,IE,2.08,0.92,1.17
DK,MA,2.0,0.0,2.0
HU,SK,2.0,0.0,2.0
MK,SK,2.0,0.75,1.25
IS,MC,2.0,0.0,2.0
AD,MD,2.0,1.0,1.0
AM,GB,2.0,0.94,1.06
AD,SM,2.0,2.0,0.0
BA,PT,1.93,0.75,1.18
IE,MK,1.87,0.93,0.94
BA,HU,1.85,1.75,0.1
ES,GE,1.84,1.08,0.76
CS,EE,1.83,1.33,0.5
AD,CH,1.8,1.8,0.0
LT,SK,1.75,0.0,1.75
IS,MK,1.69,0.75,0.94
LT,TR,1.67,1.33,0.33
AL,MC,1.67,0.67,1.0
GE,IE,1.64,0.36,1.27
AD,EE,1.6,0.0,1.6
FI,ME,1.52,0.27,1.25
BA,IS,1.5,0.5,1.0
AD,CS,1.5,1.5,0.0
AD,CY,1.5,1.5,0.0
ME,PL,1.5,1.5,0.0
LT,MK,1.47,0.31,1.17
LT,ME,1.44,0.0,1.44
PL,TR,1.35,0.73,0.62
MC,MK,1.33,1.33,0.0
AD,BE,1.33,1.33,0.0
ES,MK,1.29,0.0,1.29
AM,IE,1.29,0.6,0.69
BA,EE,1.24,1.12,0.12
BA,GE,1.23,0.83,0.4
AL,LT,1.17,1.11,0.06
LV,ME,1.17,0.29,0.89
DE,SM,1.1,0.1,1.0
FR,MA,1.0,0.0,1.0
CH,SK,1.0,0.0,1.0
NL,SK,1.0,0.0,1.0
AD,GB,1.0,1.0,0.0
MC,MD,1.0,0.0,1.0
AM,LU,1.0,0.0,1.0
ES,SK,0.97,0.4,0.57
BA,LT,0.87,0.33,0.54
AL,LV,0.86,0.06,0.8
FI,SK,0.83,0.5,0.33
LV,TR,0.83,0.17,0.67
AD,DE,0.83,0.83,0.0
CY,TR,0.8,0.43,0.37
AD,BY,0.8,0.0,0.8
BA,LV,0.79,0.45,0.33
BY,ES,0.76,0.12,0.64
AD,AM,0.75,0.75,0.0
BY,GB,0.66,0.38,0.29
BY,DE,0.65,0.5,0.15
SK,TR,0.6,0.6,0.0
GB,ME,0.54,0.0,0.54
BA,CY,0.51,0.12,0.39
AD,HR,0.5,0.0,0.5
MC,PL,0.5,0.0,0.5
RS,TR,0.5,0.5,0.0
IE,ME,0.5,0.0,0.5
GE,ME,0.4,0.0,0.4
BY,MC,0.33,0.0,0.33
AD,ME,0.33,0.33,0.0
DE,ME,0.25,0.25,0.0
AM,AZ,0.25,0.25,0.0
AD,MK,0.2,0.0,0.2
AD,BA,0.17,0.17,0.0
FR,SK,0.14,0.14,0.0
IE,MA,0.0,0.0,0.0
MA,NL,0.0,0.0,0.0
MA,PT,0.0,0.0,0.0
LU,MA,0.0,0.0,0.0
GR,MA,0.0,0.0,0.0
BE,MA,0.0,0.0,0.0
FI,MA,0.0,0.0,0.0
BA,LU,0.0,0.0,0.0
MC,RU,0.0,0.0,0.0
HU,MC,0.0,0.0,0.0
AD,BG,0.0,0.0,0.0
BG,MC,0.0,0.0,0.0
AM,MC,0.0,0.0,0.0
AM,CS,0.0,0,0.0
AD,RS,0.0,0.0,0.0
AD,GE,0.0,0.0,0.0
LV,SK,0.0,0.0,0.0
GE,SK,0.0,0.0,0.0
BG,SK,0.0,0.0,0.0
GE,LU,0.0,0.0,0.0
LU,SM,0.0,0.0,0.0
