Source,Target,VoteType,TotalPoints,Encounters,AvgPointsPerEncounter
AZ,RU,jury,72,3,24.0
AM,RU,public,48,2,24.0
MD,MK,jury,22,1,22.0
BA,HR,public,22,1,22.0
ME,RS,public,84,4,21.0
RO,HU,public,42,2,21.0
AZ,RU,public,62,3,20.67
GR,CY,public,132,7,18.86
BA,CZ,jury,18,1,18.0
BA,AZ,public,18,1,18.0
RS,HU,public,70,4,17.5
MK,AL,public,70,4,17.5
ME,RS,jury,68,4,17.0
RU,AM,public,34,2,17.0
RU,AZ,public,51,3,17.0
CY,RU,jury,48,3,16.0
RU,AZ,jury,48,3,16.0
MD,RU,public,64,4,16.0
RU,UA,public,47,3,15.67
PT,MD,public,76,5,15.2
PL,AU,jury,91,6,15.17
RU,AM,jury,30,2,15.0
MK,RS,public,90,6,15.0
SI,RS,public,105,7,15.0
UA,BY,public,30,2,15.0
IT,UA,public,119,8,14.88
IE,BG,jury,59,4,14.75
CY,GR,public,118,8,14.75
GR,CY,jury,103,7,14.71
AL,MK,jury,44,3,14.67
IL,RU,public,44,3,14.67
UA,BY,jury,29,2,14.5
LV,RU,public,58,4,14.5
GB,BG,public,58,4,14.5
GB,PL,public,87,6,14.5
ES,RO,public,29,2,14.5
IE,LT,public,129,9,14.33
EE,FI,public,113,8,14.12
EE,RU,public,42,3,14.0
LT,RU,public,42,3,14.0
BY,BG,public,42,3,14.0
RO,MD,public,84,6,14.0
IT,MD,public,83,6,13.83
IE,PL,public,69,5,13.8
PL,UA,public,110,8,13.75
MK,BG,public,55,4,13.75
EE,BG,jury,54,4,13.5
MK,BG,jury,54,4,13.5
CH,AL,public,94,7,13.43
CY,RU,public,40,3,13.33
ES,BG,public,53,4,13.25
GB,LT,public,105,8,13.12
BA,RU,jury,13,1,13.0
AM,MT,jury,39,3,13.0
BA,RU,public,13,1,13.0
ME,HR,public,26,2,13.0
FI,EE,public,104,8,13.0
FR,AM,public,77,6,12.83
CY,GR,jury,102,8,12.75
CY,BG,public,51,4,12.75
FI,SE,jury,114,9,12.67
ME,RU,public,38,3,12.67
GE,AM,public,76,6,12.67
LV,LT,public,100,8,12.5
LT,LV,public,62,5,12.4
BE,PL,public,74,6,12.33
AM,CY,public,74,6,12.33
RU,NO,public,37,3,12.33
MD,RU,jury,49,4,12.25
GB,BG,jury,49,4,12.25
AL,BG,public,61,5,12.2
MD,AZ,public,61,5,12.2
MD,UA,public,85,7,12.14
LT,UA,public,97,8,12.12
CH,RS,public,97,8,12.12
BA,UA,jury,12,1,12.0
GR,RU,jury,36,3,12.0
FI,BG,jury,48,4,12.0
BY,RU,public,24,2,12.0
BA,RS,public,12,1,12.0
AT,BA,public,12,1,12.0
HR,BA,public,12,1,12.0
ME,BA,public,12,1,12.0
SE,BA,public,12,1,12.0
ME,SI,public,36,3,12.0
LU,IL,public,24,2,12.0
DK,SE,public,107,9,11.89
NO,LT,public,107,9,11.89
DK,NO,public,107,9,11.89
FR,MD,public,71,6,11.83
RU,MD,jury,47,4,11.75
GE,UA,public,94,8,11.75
DK,IS,public,47,4,11.75
DE,SE,jury,105,9,11.67
HR,HU,jury,35,3,11.67
BY,UA,public,35,3,11.67
CZ,RU,public,35,3,11.67
NO,SE,public,105,9,11.67
HR,HU,public,35,3,11.67
RU,MT,jury,46,4,11.5
HU,BY,jury,23,2,11.5
BG,GR,jury,46,4,11.5
MD,RO,public,46,4,11.5
SE,AU,jury,80,7,11.43
BY,BG,jury,34,3,11.33
HU,DK,jury,34,3,11.33
HR,RU,public,34,3,11.33
SI,HR,public,68,6,11.33
RO,NL,jury,56,5,11.2
DE,PL,public,67,6,11.17
CZ,UA,public,89,8,11.12
FI,AU,jury,66,6,11.0
NO,SE,jury,99,9,11.0
LU,FR,jury,22,2,11.0
LV,UA,public,88,8,11.0
BA,AT,public,11,1,11.0
MK,HR,public,55,5,11.0
HU,IS,public,22,2,11.0
SE,NO,public,88,8,11.0
AL,GR,public,77,7,11.0
HU,NL,jury,43,4,10.75
IT,AL,public,86,8,10.75
GR,AL,public,75,7,10.71
IS,AU,jury,64,6,10.67
ES,AU,jury,64,6,10.67
AU,SE,jury,96,9,10.67
BY,LT,jury,32,3,10.67
HU,CZ,jury,32,3,10.67
NL,HU,public,32,3,10.67
HR,RS,public,85,8,10.62
BG,UA,public,53,5,10.6
AM,RU,jury,21,2,10.5
IL,UA,public,84,8,10.5
IL,BG,public,42,4,10.5
RS,BG,public,42,4,10.5
RS,MK,public,42,4,10.5
AZ,IL,public,94,9,10.44
PT,UA,public,73,7,10.43
CH,BG,jury,52,5,10.4
GB,IE,public,52,5,10.4
UA,MD,public,52,5,10.4
GB,AU,jury,62,6,10.33
MT,IT,public,93,9,10.33
FR,RO,public,31,3,10.33
NL,CH,jury,72,7,10.29
HU,AU,jury,41,4,10.25
SE,DK,public,41,4,10.25
ME,AL,public,41,4,10.25
IT,MT,jury,51,5,10.2
ME,GR,jury,51,5,10.2
MK,RS,jury,61,6,10.17
BA,AU,jury,10,1,10.0
CH,NL,jury,70,7,10.0
BG,AT,jury,50,5,10.0
LT,GE,jury,20,2,10.0
AZ,BA,jury,10,1,10.0
BA,SM,jury,10,1,10.0
LU,CH,jury,20,2,10.0
BY,LV,public,10,1,10.0
AL,IT,public,90,9,10.0
SI,MK,public,30,3,10.0
RS,SI,public,50,5,10.0
EE,RO,public,20,2,10.0
IT,RO,public,50,5,10.0
RS,ME,public,30,3,10.0
MK,ME,public,10,1,10.0
LU,HR,public,10,1,10.0
CZ,SE,jury,89,9,9.89
UA,LT,public,79,8,9.88
FR,IL,public,79,8,9.88
FR,PT,public,79,8,9.88
BE,AU,jury,69,7,9.86
LT,EE,public,69,7,9.86
SE,MT,jury,59,6,9.83
IT,RU,public,39,4,9.75
SE,FI,public,78,8,9.75
CH,PT,public,68,7,9.71
LV,EE,public,68,7,9.71
MD,AU,jury,58,6,9.67
HR,RU,jury,29,3,9.67
DK,SE,jury,87,9,9.67
GR,MD,jury,58,6,9.67
GR,RU,public,29,3,9.67
CZ,MD,public,58,6,9.67
LV,MD,public,58,6,9.67
NO,BG,jury,48,5,9.6
MD,UA,jury,67,7,9.57
NL,SE,jury,86,9,9.56
RS,BG,jury,38,4,9.5
PT,BG,jury,38,4,9.5
ME,AL,jury,38,4,9.5
IS,IE,jury,19,2,9.5
BG,RU,public,19,2,9.5
DE,RU,public,38,4,9.5
RS,HR,public,38,4,9.5
BG,RO,public,19,2,9.5
BG,GR,public,38,4,9.5
BY,IS,public,19,2,9.5
IE,SE,jury,85,9,9.44
MT,SE,jury,85,9,9.44
IS,SE,public,85,9,9.44
AT,NL,jury,66,7,9.43
BE,AT,jury,56,6,9.33
GR,AZ,jury,56,6,9.33
HU,BG,public,28,3,9.33
AM,MT,public,28,3,9.33
AT,HU,public,28,3,9.33
HU,NO,public,28,3,9.33
FR,NL,jury,65,7,9.29
NO,NL,jury,65,7,9.29
LT,UA,jury,74,8,9.25
SE,RU,jury,37,4,9.25
AL,CH,jury,74,8,9.25
MT,BG,public,37,4,9.25
RU,MD,public,37,4,9.25
SE,CH,jury,55,6,9.17
CZ,AZ,public,55,6,9.17
FI,IS,public,64,7,9.14
EE,SE,jury,82,9,9.11
DK,AU,jury,54,6,9.0
DE,AU,jury,63,7,9.0
AT,BG,jury,45,5,9.0
BA,AM,jury,9,1,9.0
DK,NL,jury,63,7,9.0
AZ,MT,jury,45,5,9.0
BA,HR,jury,9,1,9.0
MK,AL,jury,36,4,9.0
MD,RO,jury,36,4,9.0
AM,MK,jury,18,2,9.0
HU,RU,public,27,3,9.0
MT,RU,public,36,4,9.0
SM,RU,public,36,4,9.0
UA,PL,public,54,6,9.0
CH,IT,public,81,9,9.0
RU,CY,public,36,4,9.0
ES,IE,public,27,3,9.0
IE,BE,jury,53,6,8.83
AT,MT,jury,44,5,8.8
GE,AZ,public,44,5,8.8
LV,SE,jury,79,9,8.78
ME,AM,jury,35,4,8.75
BG,IL,jury,35,4,8.75
DK,CH,jury,70,8,8.75
ME,RU,jury,26,3,8.67
RO,MD,jury,52,6,8.67
RS,ME,jury,26,3,8.67
AL,MK,public,26,3,8.67
HR,SI,public,52,6,8.67
FR,UA,public,69,8,8.62
HR,CZ,jury,43,5,8.6
NL,BE,public,43,5,8.6
AU,MD,public,43,5,8.6
PL,IS,public,43,5,8.6
SM,GR,public,60,7,8.57
AM,SE,jury,68,8,8.5
IL,AT,jury,51,6,8.5
AZ,AL,jury,51,6,8.5
AT,CH,jury,68,8,8.5
BG,CY,public,34,4,8.5
BE,SE,jury,76,9,8.44
SM,IT,jury,76,9,8.44
BE,NL,public,59,7,8.43
MD,BG,jury,42,5,8.4
IL,CZ,public,42,5,8.4
UA,AU,jury,50,6,8.33
AZ,BY,jury,25,3,8.33
CZ,IE,jury,25,3,8.33
UA,RU,public,25,3,8.33
BG,MK,public,25,3,8.33
AT,HR,public,58,7,8.29
LV,UA,jury,66,8,8.25
MT,RU,jury,33,4,8.25
NL,RU,jury,33,4,8.25
SI,UA,public,66,8,8.25
RS,RU,public,33,4,8.25
SM,BG,public,33,4,8.25
BG,MD,public,33,4,8.25
GB,SE,jury,74,9,8.22
MK,MT,jury,41,5,8.2
GE,SM,public,41,5,8.2
AU,BE,jury,49,6,8.17
SI,BE,jury,49,6,8.17
UA,NL,jury,49,6,8.17
AM,CY,jury,49,6,8.17
IT,DK,jury,49,6,8.17
PT,CZ,jury,49,6,8.17
IL,AU,jury,57,7,8.14
CY,SE,jury,73,9,8.11
LV,AU,jury,48,6,8.0
MK,RU,jury,24,3,8.0
MT,BG,jury,32,4,8.0
GE,SE,jury,72,9,8.0
IT,BE,jury,40,5,8.0
LT,NL,jury,56,7,8.0
ME,MT,jury,40,5,8.0
BA,RS,jury,8,1,8.0
FR,GR,jury,56,7,8.0
RU,GR,jury,24,3,8.0
RO,SE,jury,48,6,8.0
RO,MT,jury,40,5,8.0
AZ,UA,public,64,8,8.0
SM,UA,public,64,8,8.0
AT,RU,public,24,3,8.0
MK,RU,public,24,3,8.0
MT,SE,public,72,9,8.0
NO,PL,public,48,6,8.0
BA,ME,public,8,1,8.0
BY,NO,public,32,4,8.0
NO,DK,public,48,6,8.0
BY,MD,public,16,2,8.0
HU,DK,public,24,3,8.0
PT,IE,public,16,2,8.0
ME,MK,public,16,2,8.0
RU,BY,public,8,1,8.0
ME,LU,public,8,1,8.0
IS,SE,jury,71,9,7.89
MT,IT,jury,71,9,7.89
ES,CH,jury,55,7,7.86
AM,PT,jury,47,6,7.83
SE,PL,public,47,6,7.83
CY,MT,jury,39,5,7.8
GE,AZ,jury,39,5,7.8
SE,AZ,jury,39,5,7.8
SE,BE,public,39,5,7.8
BY,AU,jury,31,4,7.75
BG,AM,jury,31,4,7.75
GB,MK,jury,31,4,7.75
HR,UA,public,62,8,7.75
BG,IL,public,31,4,7.75
PL,HU,public,31,4,7.75
IE,RO,public,31,4,7.75
NL,NO,public,62,8,7.75
LT,PT,jury,54,7,7.71
GB,PT,jury,54,7,7.71
FI,CH,jury,54,7,7.71
LT,BE,jury,46,6,7.67
HU,AZ,jury,23,3,7.67
BY,CZ,jury,23,3,7.67
BE,CZ,jury,46,6,7.67
DE,HU,public,23,3,7.67
CY,RO,public,23,3,7.67
SM,RO,public,23,3,7.67
EE,CH,jury,61,8,7.62
AT,RS,public,61,8,7.62
AL,BG,jury,38,5,7.6
BG,BE,jury,38,5,7.6
LV,IS,jury,38,5,7.6
ME,UA,public,38,5,7.6
RO,UA,public,38,5,7.6
DE,NL,jury,53,7,7.57
AL,GR,jury,53,7,7.57
SI,IT,public,68,9,7.56
IL,UA,jury,60,8,7.5
BE,BG,jury,30,4,7.5
RS,MK,jury,30,4,7.5
BY,NO,jury,30,4,7.5
FR,MK,jury,15,2,7.5
NL,UA,public,60,8,7.5
HU,NL,public,30,4,7.5
SM,HU,public,30,4,7.5
HU,HR,public,15,2,7.5
AT,CH,public,60,8,7.5
HU,SI,public,15,2,7.5
NO,IS,public,30,4,7.5
LU,GR,public,15,2,7.5
IL,LU,public,15,2,7.5
IL,SE,jury,67,9,7.44
CY,IL,public,67,9,7.44
IS,NL,jury,52,7,7.43
NL,PT,jury,52,7,7.43
AM,GR,public,52,7,7.43
UA,BE,jury,37,5,7.4
IT,AZ,jury,37,5,7.4
BG,RS,public,37,5,7.4
RS,MD,public,37,5,7.4
CY,UA,public,59,8,7.38
DK,UA,public,59,8,7.38
DE,UA,public,59,8,7.38
EE,AU,jury,44,6,7.33
HU,BG,jury,22,3,7.33
BY,MT,jury,22,3,7.33
NL,MT,jury,44,6,7.33
HU,NO,jury,22,3,7.33
HR,IT,public,66,9,7.33
HU,MD,public,22,3,7.33
UA,IS,public,22,3,7.33
GR,AL,jury,51,7,7.29
HR,IL,jury,58,8,7.25
RU,CY,jury,29,4,7.25
IE,UA,public,58,8,7.25
IE,BG,public,29,4,7.25
BG,AM,public,29,4,7.25
RS,SE,jury,65,9,7.22
AL,IT,jury,65,9,7.22
DK,BG,jury,36,5,7.2
GR,BG,public,36,5,7.2
MD,AM,jury,43,6,7.17
IE,MT,jury,43,6,7.17
CY,AZ,jury,43,6,7.17
ES,AZ,jury,43,6,7.17
SI,CZ,jury,43,6,7.17
IL,BE,jury,50,7,7.14
SE,NL,jury,50,7,7.14
CH,PT,jury,50,7,7.14
IS,CH,jury,50,7,7.14
IS,PL,public,50,7,7.14
AM,FR,jury,57,8,7.12
FR,IL,jury,57,8,7.12
CZ,PT,jury,57,8,7.12
IS,PT,jury,57,8,7.12
NO,UA,public,57,8,7.12
ES,PT,public,57,8,7.12
BA,FR,jury,7,1,7.0
FR,AM,jury,42,6,7.0
BY,AT,jury,21,3,7.0
LT,LV,jury,35,5,7.0
BA,AZ,jury,7,1,7.0
CZ,HU,jury,28,4,7.0
RS,HU,jury,28,4,7.0
LV,CH,jury,49,7,7.0
MD,PT,jury,42,6,7.0
FR,BY,jury,14,2,7.0
CZ,SI,jury,35,5,7.0
RO,MK,jury,28,4,7.0
RU,MK,jury,14,2,7.0
RU,BY,jury,7,1,7.0
IL,LU,jury,14,2,7.0
LU,CY,jury,7,1,7.0
LU,NL,jury,7,1,7.0
AU,UA,public,56,8,7.0
BA,UA,public,7,1,7.0
AL,RU,public,21,3,7.0
FI,RU,public,21,3,7.0
IE,RU,public,21,3,7.0
DE,BG,public,28,4,7.0
AU,SE,public,63,9,7.0
FI,SE,public,63,9,7.0
PL,SE,public,63,9,7.0
AM,FR,public,56,8,7.0
ME,AZ,public,28,4,7.0
AZ,HU,public,21,3,7.0
MT,HU,public,21,3,7.0
AM,GE,public,21,3,7.0
CH,HR,public,49,7,7.0
CZ,BA,public,7,1,7.0
NL,BA,public,7,1,7.0
RO,BG,public,21,3,7.0
BY,RO,public,7,1,7.0
RS,RO,public,21,3,7.0
RU,DK,public,14,2,7.0
BG,FI,public,21,3,7.0
RO,RU,public,21,3,7.0
LU,FR,public,14,2,7.0
LU,PT,public,14,2,7.0
LU,AL,public,7,1,7.0
GE,UA,jury,55,8,6.88
ES,UA,public,55,8,6.88
EE,LT,public,55,8,6.88
IS,CZ,jury,48,7,6.86
SM,GR,jury,48,7,6.86
GE,CH,jury,48,7,6.86
GR,AM,public,48,7,6.86
GB,FI,public,48,7,6.86
FR,AU,jury,41,6,6.83
SM,MD,public,41,6,6.83
RO,IT,public,41,6,6.83
GR,BG,jury,34,5,6.8
MD,CH,jury,34,5,6.8
GE,MD,public,34,5,6.8
AU,IS,public,34,5,6.8
HR,IT,jury,61,9,6.78
SI,IT,jury,61,9,6.78
BE,FR,public,61,9,6.78
AZ,UA,jury,54,8,6.75
LV,LT,jury,54,8,6.75
EE,FI,jury,54,8,6.75
FR,PT,jury,54,8,6.75
EE,HU,public,27,4,6.75
IS,NO,public,54,8,6.75
MT,NO,public,54,8,6.75
RO,AZ,public,27,4,6.75
HR,MK,public,27,4,6.75
CY,AU,jury,47,7,6.71
GR,AM,jury,47,7,6.71
SI,CH,jury,47,7,6.71
GE,LT,public,47,7,6.71
MK,AU,jury,40,6,6.67
IS,RU,jury,20,3,6.67
AT,SE,jury,60,9,6.67
PL,SE,jury,60,9,6.67
AZ,HU,jury,20,3,6.67
DK,MK,jury,20,3,6.67
RO,BG,jury,20,3,6.67
AT,MK,jury,20,3,6.67
EE,SE,public,60,9,6.67
IT,PL,public,40,6,6.67
AU,MT,public,40,6,6.67
HU,AT,public,20,3,6.67
DE,HR,public,40,6,6.67
IS,FI,public,60,9,6.67
SI,ME,public,20,3,6.67
AL,SM,public,20,3,6.67
GE,PT,jury,53,8,6.62
AT,UA,public,53,8,6.62
NL,IL,public,53,8,6.62
MK,UA,public,33,5,6.6
AZ,MT,public,33,5,6.6
AU,IE,public,33,5,6.6
SI,MD,public,33,5,6.6
NO,AU,jury,46,7,6.57
SI,NL,jury,46,7,6.57
PL,CH,jury,46,7,6.57
DK,NL,public,46,7,6.57
DK,NO,jury,59,9,6.56
BY,RU,jury,13,2,6.5
AU,BG,jury,26,4,6.5
GE,BE,jury,39,6,6.5
MD,MT,jury,26,4,6.5
GR,SM,jury,26,4,6.5
AM,MD,jury,39,6,6.5
LV,MK,jury,13,2,6.5
PT,BE,jury,39,6,6.5
GR,RO,jury,13,2,6.5
RO,AU,jury,39,6,6.5
GE,RU,public,26,4,6.5
CZ,BG,public,26,4,6.5
BY,IL,public,26,4,6.5
HU,RO,public,13,2,6.5
LT,CH,jury,58,9,6.44
PT,CH,jury,45,7,6.43
IL,EE,public,45,7,6.43
NL,BE,jury,32,5,6.4
AU,MD,jury,32,5,6.4
PT,AU,jury,32,5,6.4
DK,BE,public,32,5,6.4
PL,MD,public,32,5,6.4
RO,CH,public,32,5,6.4
EE,UA,public,51,8,6.38
PT,ES,public,51,8,6.38
CZ,AU,jury,38,6,6.33
GE,AU,jury,38,6,6.33
CH,AU,jury,38,6,6.33
BE,RU,jury,19,3,6.33
SI,SE,jury,57,9,6.33
BG,MT,jury,19,3,6.33
IL,LV,jury,19,3,6.33
AM,GE,jury,19,3,6.33
BY,AL,jury,19,3,6.33
PL,AU,public,38,6,6.33
IS,RU,public,19,3,6.33
BY,AM,public,19,3,6.33
BG,HU,public,19,3,6.33
UA,GE,public,19,3,6.33
GE,BY,public,19,3,6.33
IL,RO,public,19,3,6.33
DE,MT,jury,44,7,6.29
LV,PT,jury,44,7,6.29
CZ,PL,public,44,7,6.29
IL,BG,jury,25,4,6.25
RU,SE,jury,25,4,6.25
BG,MD,jury,25,4,6.25
AU,BG,public,25,4,6.25
AZ,BG,public,25,4,6.25
SM,CY,public,50,8,6.25
LT,SE,jury,56,9,6.22
CH,SE,jury,56,9,6.22
CZ,IL,public,56,9,6.22
AT,IT,public,56,9,6.22
SM,IT,public,56,9,6.22
DE,MK,jury,31,5,6.2
NO,BG,public,31,5,6.2
AU,DK,public,31,5,6.2
MK,IL,jury,37,6,6.17
AL,AZ,jury,37,6,6.17
IS,AU,public,37,6,6.17
LV,NL,jury,43,7,6.14
HR,PT,jury,43,7,6.14
LT,AT,jury,49,8,6.12
PT,IT,public,49,8,6.12
ES,SE,jury,55,9,6.11
ES,IT,public,55,9,6.11
PL,UA,jury,48,8,6.0
AL,AU,jury,36,6,6.0
CZ,BG,jury,24,4,6.0
GE,BG,jury,24,4,6.0
PL,BE,jury,36,6,6.0
AM,NL,jury,36,6,6.0
SM,NL,jury,42,7,6.0
NL,AT,jury,48,8,6.0
GE,LV,jury,36,6,6.0
UA,LV,jury,30,5,6.0
BY,GE,jury,12,2,6.0
BY,CY,jury,24,4,6.0
MT,CY,jury,48,8,6.0
ME,HR,jury,12,2,6.0
ME,BA,jury,6,1,6.0
GR,ME,jury,18,3,6.0
FR,IS,jury,30,5,6.0
NO,CH,jury,48,8,6.0
AT,PT,jury,42,7,6.0
PL,PT,jury,48,8,6.0
ES,PT,jury,48,8,6.0
HU,RO,jury,12,2,6.0
ME,RO,jury,18,3,6.0
SE,NO,jury,48,8,6.0
PT,NL,jury,36,6,6.0
HU,MK,jury,12,2,6.0
PT,LT,jury,36,6,6.0
AZ,MK,jury,24,4,6.0
LU,HR,jury,6,1,6.0
BE,UA,public,48,8,6.0
HU,UA,public,18,3,6.0
SE,UA,public,48,8,6.0
ES,RU,public,18,3,6.0
DK,BG,public,30,5,6.0
CZ,AM,public,42,7,6.0
RU,AT,public,18,3,6.0
SM,IL,public,54,9,6.0
MT,AZ,public,30,5,6.0
LT,GE,public,12,2,6.0
HU,CY,public,24,4,6.0
FR,BA,public,6,1,6.0
HR,ME,public,6,1,6.0
ME,MD,public,24,4,6.0
GB,RO,public,18,3,6.0
IS,DK,public,36,6,6.0
NL,DK,public,30,5,6.0
DK,FI,public,36,6,6.0
IE,CH,jury,53,9,5.89
FR,AT,jury,47,8,5.88
LT,IL,jury,47,8,5.88
NO,IL,jury,47,8,5.88
IE,NL,jury,41,7,5.86
FI,AT,jury,41,7,5.86
IE,AT,jury,41,7,5.86
ES,CZ,jury,41,7,5.86
IL,AU,public,41,7,5.86
AT,NL,public,41,7,5.86
AU,MT,jury,35,6,5.83
AM,CH,jury,35,6,5.83
FI,AU,public,35,6,5.83
AU,BE,public,35,6,5.83
SE,IS,public,35,6,5.83
GR,MD,public,35,6,5.83
RO,IL,public,35,6,5.83
ME,AU,jury,29,5,5.8
HR,BG,jury,29,5,5.8
HR,MT,jury,29,5,5.8
AT,BG,public,29,5,5.8
MD,CH,public,29,5,5.8
FR,IT,public,52,9,5.78
AL,AM,jury,46,8,5.75
IT,IL,jury,46,8,5.75
RU,IL,jury,23,4,5.75
RS,HR,jury,23,4,5.75
BE,CH,jury,46,8,5.75
BG,PT,jury,23,4,5.75
HR,CH,jury,46,8,5.75
DK,IS,jury,23,4,5.75
GE,BG,public,23,4,5.75
UA,AZ,public,23,4,5.75
BY,HU,public,23,4,5.75
AZ,CY,public,46,8,5.75
HU,SM,public,23,4,5.75
RS,IS,public,23,4,5.75
HR,NL,jury,40,7,5.71
EE,AT,jury,40,7,5.71
UA,IL,jury,40,7,5.71
AL,CY,jury,40,7,5.71
AM,UA,public,40,7,5.71
IS,NL,public,40,7,5.71
MD,NO,public,40,7,5.71
ME,SE,jury,34,6,5.67
NO,MT,jury,34,6,5.67
BE,IL,jury,51,9,5.67
IE,IL,jury,51,9,5.67
BE,IT,jury,51,9,5.67
GE,IT,jury,51,9,5.67
UA,HU,jury,17,3,5.67
IT,MK,jury,17,3,5.67
PT,IS,jury,34,6,5.67
ES,IE,jury,17,3,5.67
CZ,MK,jury,17,3,5.67
RO,RU,jury,17,3,5.67
LV,SE,public,51,9,5.67
BY,PL,public,17,3,5.67
NL,PL,public,34,6,5.67
BY,LT,public,17,3,5.67
LT,BE,public,34,6,5.67
AU,IL,public,51,9,5.67
DE,IL,public,51,9,5.67
GR,IT,public,51,9,5.67
ME,IT,public,34,6,5.67
LT,NO,public,51,9,5.67
AT,RO,public,17,3,5.67
AZ,BY,public,17,3,5.67
BY,EE,public,17,3,5.67
HR,AL,public,34,6,5.67
MD,SE,jury,45,8,5.62
CH,IL,public,45,8,5.62
UA,NO,public,45,8,5.62
AZ,NO,public,45,8,5.62
MD,AZ,jury,28,5,5.6
CH,IE,jury,28,5,5.6
PT,AZ,jury,28,5,5.6
NL,DK,jury,28,5,5.6
AU,IS,jury,28,5,5.6
LV,BE,public,28,5,5.6
ME,CY,public,28,5,5.6
LV,IS,public,28,5,5.6
LT,AU,jury,39,7,5.57
PL,NL,jury,39,7,5.57
FI,CZ,jury,39,7,5.57
AM,GR,jury,39,7,5.57
UA,CH,jury,39,7,5.57
CY,AM,public,39,7,5.57
MD,IL,public,39,7,5.57
AL,CY,public,39,7,5.57
LT,SE,public,50,9,5.56
ES,IL,public,50,9,5.56
RS,AU,jury,33,6,5.5
DE,BG,jury,22,4,5.5
UA,SE,jury,44,8,5.5
AT,AM,jury,44,8,5.5
HU,MT,jury,22,4,5.5
IS,AT,jury,44,8,5.5
IL,HU,jury,22,4,5.5
BG,GE,jury,11,2,5.5
AT,CZ,jury,33,6,5.5
EE,CZ,jury,33,6,5.5
SM,MD,jury,33,6,5.5
AT,IE,jury,22,4,5.5
HR,MK,jury,22,4,5.5
SE,RU,public,22,4,5.5
IE,LV,public,22,4,5.5
MK,CZ,public,22,4,5.5
IS,MD,public,33,6,5.5
PT,RU,public,11,2,5.5
RU,CH,public,11,2,5.5
IT,SE,jury,49,9,5.44
CY,IT,jury,49,9,5.44
BE,SE,public,49,9,5.44
NL,SE,public,49,9,5.44
LT,IT,public,49,9,5.44
MT,AM,jury,38,7,5.43
CZ,NL,jury,38,7,5.43
EE,NL,jury,38,7,5.43
ES,AT,jury,38,7,5.43
AZ,MD,jury,38,7,5.43
MT,AU,public,38,7,5.43
MT,NL,public,38,7,5.43
FI,AT,public,38,7,5.43
LV,FI,public,38,7,5.43
MK,UA,jury,27,5,5.4
LV,BG,jury,27,5,5.4
CZ,MT,jury,27,5,5.4
MT,AZ,jury,27,5,5.4
RS,SI,jury,27,5,5.4
RO,UA,jury,27,5,5.4
UA,LV,public,27,5,5.4
SE,LT,public,43,8,5.38
GR,AU,jury,32,6,5.33
AL,RU,jury,16,3,5.33
HU,AT,jury,16,3,5.33
RU,RO,jury,16,3,5.33
DK,AU,public,32,6,5.33
GE,IL,public,48,9,5.33
DE,IT,public,48,9,5.33
MK,IT,public,32,6,5.33
MK,CY,public,32,6,5.33
BY,CZ,public,16,3,5.33
GB,IS,public,32,6,5.33
IE,FI,public,32,6,5.33
GE,NL,jury,37,7,5.29
SE,AT,jury,37,7,5.29
GE,CZ,jury,37,7,5.29
UA,PT,jury,37,7,5.29
PT,EE,jury,37,7,5.29
ES,IS,public,37,7,5.29
PL,BG,jury,21,4,5.25
UA,AZ,jury,21,4,5.25
DE,GE,jury,21,4,5.25
FI,UA,public,42,8,5.25
HU,PL,public,21,4,5.25
GE,CY,public,42,8,5.25
LT,BY,public,21,4,5.25
AT,IE,public,21,4,5.25
AL,FR,jury,47,9,5.22
ES,IT,jury,47,9,5.22
BE,IL,public,47,9,5.22
CY,IT,public,47,9,5.22
FR,BG,jury,26,5,5.2
LT,BG,jury,26,5,5.2
BG,NL,jury,26,5,5.2
ES,MT,jury,26,5,5.2
SM,AZ,jury,26,5,5.2
IE,CZ,jury,26,5,5.2
IT,IE,jury,26,5,5.2
IL,MD,public,26,5,5.2
MK,AZ,jury,31,6,5.17
MD,GR,jury,31,6,5.17
MD,AM,public,31,6,5.17
AM,MD,public,31,6,5.17
RO,SE,public,31,6,5.17
GE,GR,public,31,6,5.17
SI,AU,jury,36,7,5.14
NL,AM,public,36,7,5.14
AL,HR,public,36,7,5.14
IS,CZ,public,36,7,5.14
ES,CZ,public,36,7,5.14
RS,FI,public,36,7,5.14
SI,UA,jury,41,8,5.12
DE,CH,jury,41,8,5.12
AL,CH,public,41,8,5.12
AZ,SE,jury,46,9,5.11
DE,NO,jury,46,9,5.11
DE,UA,jury,40,8,5.0
IT,UA,jury,40,8,5.0
BG,AU,jury,20,4,5.0
SM,RU,jury,20,4,5.0
AL,SE,jury,45,9,5.0
ES,FR,jury,45,9,5.0
AZ,PL,jury,25,5,5.0
HR,LT,jury,45,9,5.0
FI,NL,jury,35,7,5.0
HU,LV,jury,10,2,5.0
CH,IT,jury,45,9,5.0
RU,HU,jury,10,2,5.0
ES,HU,jury,20,4,5.0
UA,GE,jury,15,3,5.0
GB,GE,jury,25,5,5.0
ES,CY,jury,40,8,5.0
BG,CZ,jury,20,4,5.0
AM,ME,jury,10,2,5.0
AZ,ME,jury,15,3,5.0
SM,ME,jury,20,4,5.0
AZ,GR,jury,40,8,5.0
NO,MK,jury,20,4,5.0
CH,MK,jury,20,4,5.0
AU,IE,jury,25,5,5.0
NO,DK,jury,30,6,5.0
AZ,PT,jury,35,7,5.0
NL,NO,jury,40,8,5.0
RO,AZ,jury,20,4,5.0
CH,GR,jury,35,7,5.0
RO,DK,jury,15,3,5.0
RO,CH,jury,25,5,5.0
SM,CH,jury,35,7,5.0
MK,EE,jury,20,4,5.0
CH,EE,jury,40,8,5.0
HU,AL,jury,10,2,5.0
PT,IE,jury,10,2,5.0
CZ,CH,jury,35,7,5.0
PT,RU,jury,10,2,5.0
AL,SM,jury,15,3,5.0
LU,LV,jury,10,2,5.0
LU,AT,jury,10,2,5.0
AL,UA,public,40,8,5.0
BY,AU,public,20,4,5.0
BE,BG,public,20,4,5.0
ME,BG,public,15,3,5.0
AM,NL,public,30,6,5.0
BA,MT,public,5,1,5.0
IL,IT,public,45,9,5.0
FR,RS,public,40,8,5.0
ME,HU,public,20,4,5.0
RU,HU,public,10,2,5.0
HU,CZ,public,15,3,5.0
AZ,BA,public,5,1,5.0
AT,IS,public,30,6,5.0
MD,GR,public,30,6,5.0
SI,NO,public,45,9,5.0
BE,MD,public,25,5,5.0
BE,RO,public,15,3,5.0
CZ,RO,public,10,2,5.0
EE,BY,public,15,3,5.0
PL,FI,public,40,8,5.0
PL,EE,public,35,7,5.0
CZ,IE,public,15,3,5.0
RO,FI,public,20,4,5.0
AU,IL,jury,44,9,4.89
AT,IT,jury,44,9,4.89
SE,CY,jury,39,8,4.88
GR,PT,jury,39,8,4.88
IS,UA,public,39,8,4.88
IT,AU,jury,34,7,4.86
IT,AM,jury,34,7,4.86
RS,FI,jury,34,7,4.86
NO,NL,public,34,7,4.86
FI,CZ,public,34,7,4.86
SM,AU,jury,29,6,4.83
MK,SE,jury,29,6,4.83
GE,AM,jury,29,6,4.83
IL,MT,jury,29,6,4.83
MK,IT,jury,29,6,4.83
GB,AZ,jury,29,6,4.83
CY,HR,jury,29,6,4.83
SE,CZ,jury,29,6,4.83
IT,MD,jury,29,6,4.83
DK,FI,jury,29,6,4.83
EE,IS,public,29,6,4.83
AM,PT,public,29,6,4.83
RS,GR,public,29,6,4.83
IS,BG,jury,24,5,4.8
SI,BG,jury,24,5,4.8
BG,LT,jury,24,5,4.8
MT,RO,jury,24,5,4.8
PL,SM,jury,24,5,4.8
FR,IS,public,24,5,4.8
MT,RO,public,24,5,4.8
SM,SE,jury,43,9,4.78
CY,FR,jury,43,9,4.78
IE,IL,public,43,9,4.78
ES,FI,public,43,9,4.78
BY,SE,jury,19,4,4.75
BY,NL,jury,19,4,4.75
GR,MT,jury,19,4,4.75
EE,CY,jury,38,8,4.75
BG,AL,jury,19,4,4.75
SI,PT,jury,38,8,4.75
RO,AT,jury,19,4,4.75
RS,IS,jury,19,4,4.75
NL,RU,public,19,4,4.75
EE,BG,public,19,4,4.75
PL,BG,public,19,4,4.75
NO,IL,public,38,8,4.75
EE,LV,public,19,4,4.75
SI,HU,public,19,4,4.75
CZ,EE,public,38,8,4.75
AT,NO,public,38,8,4.75
HR,NO,public,38,8,4.75
IT,NL,jury,33,7,4.71
DE,AT,jury,33,7,4.71
DK,LV,jury,33,7,4.71
IL,EE,jury,33,7,4.71
GE,EE,jury,33,7,4.71
SE,NL,public,33,7,4.71
LV,PT,public,33,7,4.71
AZ,CH,public,33,7,4.71
BY,UA,jury,14,3,4.67
ES,RU,jury,14,3,4.67
FR,SE,jury,42,9,4.67
CH,AT,jury,42,9,4.67
RS,IT,jury,42,9,4.67
AU,CZ,jury,28,6,4.67
CH,NO,jury,42,9,4.67
PL,SI,jury,28,6,4.67
AT,BY,jury,14,3,4.67
ES,SE,public,42,9,4.67
PL,BE,public,28,6,4.67
CH,AT,public,42,9,4.67
BE,IT,public,42,9,4.67
HU,AZ,public,14,3,4.67
EE,CZ,public,28,6,4.67
FI,MD,public,28,6,4.67
PL,BY,public,14,3,4.67
DK,MD,public,28,6,4.67
NO,UA,jury,37,8,4.62
GB,CH,jury,37,8,4.62
CH,UA,public,37,8,4.62
AU,FI,public,37,8,4.62
LV,MT,jury,23,5,4.6
RS,AZ,jury,23,5,4.6
RO,PT,jury,23,5,4.6
MD,BG,public,23,5,4.6
MK,MT,public,23,5,4.6
AZ,SM,public,23,5,4.6
BE,IE,public,23,5,4.6
AM,IL,jury,32,7,4.57
PT,AT,jury,32,7,4.57
GB,EE,jury,32,7,4.57
BE,AU,public,32,7,4.57
NL,MD,public,32,7,4.57
PT,IL,public,32,7,4.57
PT,EE,public,32,7,4.57
FI,CH,public,32,7,4.57
SE,FR,jury,41,9,4.56
DE,IL,jury,41,9,4.56
IL,FR,public,41,9,4.56
GB,IL,public,41,9,4.56
RS,IT,public,41,9,4.56
LV,NO,public,41,9,4.56
DK,UA,jury,36,8,4.5
SI,RU,jury,18,4,4.5
AZ,BG,jury,18,4,4.5
CY,BG,jury,18,4,4.5
SM,BG,jury,18,4,4.5
ES,BG,jury,18,4,4.5
UA,LT,jury,36,8,4.5
RU,BE,jury,9,2,4.5
NL,IL,jury,36,8,4.5
ME,AZ,jury,18,4,4.5
UA,HR,jury,27,6,4.5
AT,IS,jury,27,6,4.5
SE,FI,jury,36,8,4.5
ME,MD,jury,18,4,4.5
LT,IE,jury,27,6,4.5
AZ,RO,jury,18,4,4.5
MT,BY,jury,9,2,4.5
NO,GR,jury,27,6,4.5
MT,MK,jury,18,4,4.5
IT,EE,jury,27,6,4.5
MT,UA,public,36,8,4.5
SI,RU,public,18,4,4.5
SI,BE,public,27,6,4.5
AT,IL,public,36,8,4.5
HU,IL,public,18,4,4.5
GE,LV,public,27,6,4.5
FI,HU,public,18,4,4.5
AZ,GE,public,18,4,4.5
ES,MD,public,27,6,4.5
DK,CH,public,36,8,4.5
BG,PT,public,18,4,4.5
IS,PT,public,36,8,4.5
GB,MD,public,27,6,4.5
RO,NO,public,27,6,4.5
DE,FI,public,27,6,4.5
AM,CH,public,27,6,4.5
CH,LT,jury,40,9,4.44
AZ,SE,public,40,9,4.44
SE,IL,public,40,9,4.44
CZ,FI,public,40,9,4.44
IT,NO,public,40,9,4.44
AZ,AU,jury,31,7,4.43
SI,LT,jury,31,7,4.43
RS,AT,jury,31,7,4.43
PT,UA,jury,31,7,4.43
IE,AU,public,31,7,4.43
SE,AU,public,31,7,4.43
BE,AM,public,31,7,4.43
DK,PL,public,31,7,4.43
CY,LT,public,31,7,4.43
DE,NL,public,31,7,4.43
CZ,RS,public,31,7,4.43
IE,HR,public,31,7,4.43
AM,EE,public,31,7,4.43
AL,PT,public,31,7,4.43
MT,CH,public,31,7,4.43
ES,CH,public,31,7,4.43
NL,BG,jury,22,5,4.4
FI,MT,jury,22,5,4.4
IL,CZ,jury,22,5,4.4
BG,CH,jury,22,5,4.4
FR,BG,public,22,5,4.4
IT,BG,public,22,5,4.4
LT,BG,public,22,5,4.4
BG,FR,public,22,5,4.4
DE,BE,public,22,5,4.4
NO,BE,public,22,5,4.4
HR,CZ,public,22,5,4.4
ME,EE,public,22,5,4.4
EE,DK,public,22,5,4.4
BE,UA,jury,35,8,4.38
AM,SE,public,35,8,4.38
FR,PL,public,35,8,4.38
IT,IL,public,35,8,4.38
AU,CY,public,35,8,4.38
FI,NO,public,35,8,4.38
PT,FR,public,35,8,4.38
IL,RU,jury,13,3,4.33
GB,BE,jury,26,6,4.33
FR,MT,jury,26,6,4.33
DK,AT,jury,39,9,4.33
AM,CZ,jury,26,6,4.33
PL,MK,jury,13,3,4.33
BE,IS,jury,26,6,4.33
BY,EE,jury,13,3,4.33
ES,FR,public,39,9,4.33
DK,LT,public,39,9,4.33
IL,AT,public,26,6,4.33
FI,IL,public,39,9,4.33
MT,IL,public,39,9,4.33
GB,LV,public,26,6,4.33
AZ,IT,public,39,9,4.33
CH,HU,public,13,3,4.33
UA,HU,public,13,3,4.33
LV,BY,public,13,3,4.33
AU,NO,public,39,9,4.33
DE,NO,public,39,9,4.33
BY,SI,public,13,3,4.33
GE,RO,public,13,3,4.33
BE,EE,public,26,6,4.33
RS,NL,jury,30,7,4.29
AT,HR,jury,30,7,4.29
CZ,IS,jury,30,7,4.29
DK,PT,jury,30,7,4.29
NO,PT,jury,30,7,4.29
MT,CH,jury,30,7,4.29
DE,AU,public,30,7,4.29
EE,AT,public,30,7,4.29
UA,IL,public,30,7,4.29
SE,EE,public,30,7,4.29
NL,CH,public,30,7,4.29
IE,EE,public,30,7,4.29
ME,BE,jury,17,4,4.25
HR,RS,jury,34,8,4.25
HU,RS,jury,17,4,4.25
EE,IE,jury,17,4,4.25
RS,EE,jury,34,8,4.25
GR,UA,public,34,8,4.25
GB,UA,public,34,8,4.25
FR,RU,public,17,4,4.25
MD,IT,public,34,8,4.25
RU,IT,public,17,4,4.25
PL,HR,public,17,4,4.25
SM,HR,public,17,4,4.25
IL,BY,public,17,4,4.25
DE,CH,public,34,8,4.25
AZ,IL,jury,38,9,4.22
CY,IL,jury,38,9,4.22
FR,IT,jury,38,9,4.22
NO,IT,jury,38,9,4.22
SE,IT,jury,38,9,4.22
DK,BE,jury,21,5,4.2
LV,BE,jury,21,5,4.2
SI,AZ,jury,21,5,4.2
SM,IS,jury,21,5,4.2
PL,IS,jury,21,5,4.2
NL,BG,public,21,5,4.2
LT,PL,public,21,5,4.2
RO,NL,public,21,5,4.2
SI,IS,public,21,5,4.2
GB,MD,jury,25,6,4.17
AU,EE,jury,25,6,4.17
GB,AU,public,25,6,4.17
NO,FI,public,25,6,4.17
SE,CH,public,25,6,4.17
MT,AU,jury,29,7,4.14
NL,AU,jury,29,7,4.14
AU,LT,jury,29,7,4.14
CY,BE,jury,29,7,4.14
NL,HR,jury,29,7,4.14
FI,IS,jury,29,7,4.14
MD,EE,jury,29,7,4.14
IT,CH,jury,29,7,4.14
LV,EE,jury,29,7,4.14
CZ,IS,public,29,7,4.14
MT,FI,public,29,7,4.14
AL,FI,public,29,7,4.14
GE,EE,public,29,7,4.14
IS,CH,public,29,7,4.14
UA,FR,jury,33,8,4.12
GB,AT,jury,33,8,4.12
AL,IL,jury,33,8,4.12
AM,AT,public,33,8,4.12
HR,AT,public,33,8,4.12
BE,PT,public,33,8,4.12
FI,PT,public,33,8,4.12
PT,SE,public,33,8,4.12
RS,FR,jury,37,9,4.11
ES,IL,jury,37,9,4.11
AZ,IT,jury,37,9,4.11
GB,NO,public,37,9,4.11
FR,RU,jury,16,4,4.0
DE,FR,jury,36,9,4.0
HU,AM,jury,8,2,4.0
EE,LT,jury,32,8,4.0
BY,BE,jury,16,4,4.0
MK,BE,jury,20,5,4.0
ES,BE,jury,28,7,4.0
AL,MT,jury,16,4,4.0
SI,MT,jury,20,5,4.0
CY,AT,jury,24,6,4.0
MT,IL,jury,36,9,4.0
RS,IL,jury,36,9,4.0
GB,IL,jury,36,9,4.0
MK,LV,jury,8,2,4.0
ME,IT,jury,24,6,4.0
EE,AZ,jury,24,6,4.0
BA,HU,jury,4,1,4.0
GR,HU,jury,16,4,4.0
IE,CY,jury,32,8,4.0
BG,HR,jury,16,4,4.0
IS,HR,jury,24,6,4.0
MK,HR,jury,20,5,4.0
FR,CZ,jury,24,6,4.0
HR,BA,jury,4,1,4.0
MT,ME,jury,12,3,4.0
AT,FI,jury,28,7,4.0
AU,MK,jury,16,4,4.0
HU,PT,jury,12,3,4.0
ES,RO,jury,8,2,4.0
HR,BY,jury,12,3,4.0
DK,GR,jury,24,6,4.0
SI,GR,jury,24,6,4.0
HU,IE,jury,8,2,4.0
RO,CZ,jury,16,4,4.0
FI,IE,jury,12,3,4.0
IS,MK,jury,8,2,4.0
BY,IS,jury,8,2,4.0
CH,IS,jury,20,5,4.0
ME,MK,jury,8,2,4.0
LU,DE,jury,8,2,4.0
AZ,LU,jury,8,2,4.0
IE,LU,jury,8,2,4.0
GB,LU,jury,8,2,4.0
ME,LU,jury,4,1,4.0
CZ,AU,public,24,6,4.0
NO,AU,public,28,7,4.0
GB,SE,public,36,9,4.0
BA,FR,public,4,1,4.0
GR,FR,public,36,9,4.0
AT,PL,public,24,6,4.0
MD,NL,public,24,6,4.0
NL,AT,public,32,8,4.0
BG,IT,public,20,5,4.0
FR,HU,public,16,4,4.0
IT,HU,public,12,3,4.0
NO,HU,public,12,3,4.0
IL,GE,public,16,4,4.0
HR,CY,public,28,7,4.0
AU,HR,public,20,5,4.0
BA,CZ,public,4,1,4.0
SM,BA,public,4,1,4.0
MT,SM,public,28,7,4.0
ME,SM,public,20,5,4.0
CH,MK,public,16,4,4.0
PL,CH,public,28,7,4.0
ME,PT,public,20,5,4.0
PL,RO,public,12,3,4.0
AM,NO,public,28,7,4.0
SI,GR,public,24,6,4.0
PT,FI,public,32,8,4.0
BY,SM,public,8,2,4.0
MK,FI,public,12,3,4.0
UA,FI,public,24,6,4.0
PT,CH,public,28,7,4.0
AL,LU,public,8,2,4.0
LU,LT,public,8,2,4.0
GR,FR,jury,35,9,3.89
IE,FR,jury,35,9,3.89
MT,FR,jury,35,9,3.89
LT,IT,jury,35,9,3.89
IT,NO,jury,35,9,3.89
IE,SE,public,35,9,3.89
DE,LT,public,35,9,3.89
IE,NO,public,35,9,3.89
RS,NO,public,35,9,3.89
FR,UA,jury,31,8,3.88
RS,PT,jury,31,8,3.88
IS,NO,jury,31,8,3.88
IS,AT,public,31,8,3.88
MT,CY,public,31,8,3.88
CY,AM,jury,27,7,3.86
ES,AM,jury,27,7,3.86
AU,PL,jury,27,7,3.86
CZ,BE,jury,27,7,3.86
SI,CY,jury,27,7,3.86
IS,AL,jury,27,7,3.86
PT,AL,jury,27,7,3.86
FR,CH,jury,27,7,3.86
BE,LT,public,27,7,3.86
IS,BE,public,27,7,3.86
AL,NL,public,27,7,3.86
AM,IL,public,27,7,3.86
CY,EE,public,27,7,3.86
LT,PT,public,27,7,3.86
CH,BE,jury,23,6,3.83
SI,EE,jury,23,6,3.83
RS,AU,public,23,6,3.83
ME,SE,public,23,6,3.83
AT,CZ,public,23,6,3.83
EE,MD,public,23,6,3.83
PL,SI,public,23,6,3.83
PT,NL,public,23,6,3.83
PT,IS,public,23,6,3.83
CH,FI,public,23,6,3.83
DE,AZ,jury,19,5,3.8
DE,RO,jury,19,5,3.8
PT,LV,jury,19,5,3.8
UA,BG,public,19,5,3.8
MK,BE,public,19,5,3.8
IE,CZ,public,19,5,3.8
NL,IS,public,19,5,3.8
SM,DK,public,19,5,3.8
HR,SE,jury,34,9,3.78
PL,IL,jury,34,9,3.78
LT,NO,jury,34,9,3.78
CY,FR,public,34,9,3.78
LV,RU,jury,15,4,3.75
FR,HU,jury,15,4,3.75
PL,HU,jury,15,4,3.75
PT,IT,jury,30,8,3.75
MK,RO,jury,15,4,3.75
RS,UA,public,30,8,3.75
NO,RU,public,15,4,3.75
FI,BG,public,15,4,3.75
MD,SE,public,30,8,3.75
EE,NO,public,30,8,3.75
EE,SI,public,15,4,3.75
IT,SM,public,15,4,3.75
LV,AM,jury,26,7,3.71
ES,NL,jury,26,7,3.71
SM,MT,jury,26,7,3.71
AM,FI,jury,26,7,3.71
SE,MD,jury,26,7,3.71
IL,FI,jury,26,7,3.71
EE,BE,public,26,7,3.71
IT,RS,public,26,7,3.71
AT,MD,public,26,7,3.71
PT,GR,public,26,7,3.71
FR,CH,public,26,7,3.71
GR,CH,public,26,7,3.71
RU,UA,jury,11,3,3.67
AT,RU,jury,11,3,3.67
IE,RU,jury,11,3,3.67
BE,FR,jury,33,9,3.67
FI,FR,jury,33,9,3.67
IL,PL,jury,22,6,3.67
SM,BE,jury,22,6,3.67
FI,IL,jury,33,9,3.67
IE,AZ,jury,22,6,3.67
BY,HR,jury,11,3,3.67
GB,HR,jury,22,6,3.67
RS,CZ,jury,22,6,3.67
EE,IS,jury,22,6,3.67
GE,DK,jury,22,6,3.67
EE,BY,jury,11,3,3.67
IT,GR,jury,22,6,3.67
RS,GR,jury,22,6,3.67
GB,IS,jury,22,6,3.67
EE,AU,public,22,6,3.67
LV,AU,public,22,6,3.67
SM,AU,public,22,6,3.67
DE,SE,public,33,9,3.67
SM,SE,public,33,9,3.67
CY,PL,public,22,6,3.67
CY,AZ,public,22,6,3.67
MT,HR,public,22,6,3.67
AU,CZ,public,22,6,3.67
AZ,CZ,public,22,6,3.67
CY,CZ,public,22,6,3.67
SM,CZ,public,22,6,3.67
BG,BY,public,11,3,3.67
RS,BY,public,11,3,3.67
AL,NO,public,33,9,3.67
PL,NO,public,33,9,3.67
DE,MD,public,22,6,3.67
LT,MD,public,22,6,3.67
CH,RO,public,11,3,3.67
CY,BY,public,11,3,3.67
UA,EE,public,22,6,3.67
FI,IE,public,11,3,3.67
LT,FI,public,22,6,3.67
HR,UA,jury,29,8,3.62
IL,LT,jury,29,8,3.62
CH,IL,jury,29,8,3.62
FI,CY,jury,29,8,3.62
SM,CY,jury,29,8,3.62
EE,PT,jury,29,8,3.62
GR,IL,public,29,8,3.62
SM,RS,public,29,8,3.62
SM,FI,public,29,8,3.62
DE,BE,jury,18,5,3.6
BE,GE,jury,18,5,3.6
MT,CZ,jury,18,5,3.6
HR,IE,jury,18,5,3.6
RO,EE,jury,18,5,3.6
HR,BG,public,18,5,3.6
CH,BG,public,18,5,3.6
SM,IS,public,18,5,3.6
UA,DK,public,18,5,3.6
DE,RO,public,18,5,3.6
NO,RO,public,18,5,3.6
FI,DK,public,18,5,3.6
GE,IS,public,18,5,3.6
MT,NL,jury,25,7,3.57
PL,GE,jury,25,7,3.57
ES,AM,public,25,7,3.57
AU,LT,public,25,7,3.57
EE,NL,public,25,7,3.57
GE,RS,public,25,7,3.57
AZ,MD,public,25,7,3.57
LV,DK,public,25,7,3.57
NL,FR,jury,32,9,3.56
FI,IT,jury,32,9,3.56
DE,IT,jury,32,9,3.56
IE,NO,jury,32,9,3.56
AL,SE,public,32,9,3.56
IS,FR,public,32,9,3.56
AT,DE,public,32,9,3.56
CZ,UA,jury,28,8,3.5
EE,UA,jury,28,8,3.5
NL,UA,jury,28,8,3.5
MK,NL,jury,21,6,3.5
AU,AT,jury,21,6,3.5
PL,LV,jury,21,6,3.5
AM,IT,jury,28,8,3.5
CY,HU,jury,14,4,3.5
ME,HU,jury,14,4,3.5
SI,HR,jury,21,6,3.5
ES,GR,jury,28,8,3.5
MK,DK,jury,14,4,3.5
GB,DK,jury,21,6,3.5
RS,CH,jury,28,8,3.5
FI,PT,jury,28,8,3.5
SM,NO,jury,28,8,3.5
AT,DK,jury,21,6,3.5
RO,ME,jury,7,2,3.5
FR,LU,jury,7,2,3.5
AL,BE,public,21,6,3.5
RS,BE,public,21,6,3.5
IE,MT,public,21,6,3.5
RU,IL,public,14,4,3.5
MK,LV,public,7,2,3.5
HU,IT,public,14,4,3.5
BY,AZ,public,14,4,3.5
MK,AZ,public,21,6,3.5
SE,HR,public,21,6,3.5
UA,HR,public,21,6,3.5
PL,DK,public,21,6,3.5
PL,PT,public,28,8,3.5
NO,MD,public,21,6,3.5
PT,BE,public,21,6,3.5
AU,RO,public,14,4,3.5
PT,RO,public,7,2,3.5
AU,GR,public,21,6,3.5
RO,RS,public,21,6,3.5
EE,IE,public,14,4,3.5
IS,IE,public,7,2,3.5
LU,UA,public,7,2,3.5
AT,FR,jury,31,9,3.44
CZ,GB,jury,31,9,3.44
CZ,SE,public,31,9,3.44
SI,RS,jury,24,7,3.43
HR,CY,jury,24,7,3.43
MT,FI,jury,24,7,3.43
NL,GR,jury,24,7,3.43
AL,PT,jury,24,7,3.43
IL,GR,jury,24,7,3.43
IE,NL,public,24,7,3.43
AU,RS,public,24,7,3.43
CY,RS,public,24,7,3.43
NL,PT,public,24,7,3.43
GB,PT,public,24,7,3.43
SM,CH,public,24,7,3.43
DE,LV,jury,17,5,3.4
LV,AZ,jury,17,5,3.4
NO,AZ,jury,17,5,3.4
PT,MD,jury,17,5,3.4
IT,BE,public,17,5,3.4
DE,DK,public,17,5,3.4
FI,SI,public,17,5,3.4
RS,UA,jury,27,8,3.38
SM,PL,jury,27,8,3.38
AL,IL,public,27,8,3.38
IS,IL,public,27,8,3.38
LV,IL,public,27,8,3.38
DE,RS,public,27,8,3.38
MT,RS,public,27,8,3.38
IL,CY,public,27,8,3.38
BE,FI,public,27,8,3.38
FI,RU,jury,10,3,3.33
HU,RU,jury,10,3,3.33
MK,PL,jury,10,3,3.33
GB,PL,jury,20,6,3.33
SI,LV,jury,20,6,3.33
PL,IT,jury,30,9,3.33
MK,CY,jury,20,6,3.33
CH,CZ,jury,20,6,3.33
SI,BY,jury,10,3,3.33
IL,CH,jury,30,9,3.33
BY,PT,jury,10,3,3.33
AL,MD,jury,20,6,3.33
CY,RO,jury,10,3,3.33
GR,BY,jury,10,3,3.33
PT,AM,jury,20,6,3.33
AU,GR,jury,20,6,3.33
PL,GR,jury,20,6,3.33
RU,AL,jury,10,3,3.33
RU,NO,jury,10,3,3.33
HR,SI,jury,20,6,3.33
NO,FI,jury,20,6,3.33
AL,AU,public,20,6,3.33
CY,SE,public,30,9,3.33
SI,SE,public,30,9,3.33
IL,PL,public,20,6,3.33
HR,AZ,public,20,6,3.33
BE,CZ,public,20,6,3.33
MD,PT,public,20,6,3.33
IE,MD,public,20,6,3.33
AM,BY,public,10,3,3.33
RO,DK,public,10,3,3.33
PT,CY,public,20,6,3.33
AL,NL,jury,23,7,3.29
BE,NL,jury,23,7,3.29
SI,AT,jury,23,7,3.29
MD,NO,jury,23,7,3.29
SE,RS,public,23,7,3.29
AT,FI,public,23,7,3.29
HR,FI,public,23,7,3.29
HR,MD,public,23,7,3.29
IL,FI,public,23,7,3.29
AU,UA,jury,26,8,3.25
IS,UA,jury,26,8,3.25
SE,UA,jury,26,8,3.25
SE,BG,jury,13,4,3.25
HU,SE,jury,13,4,3.25
GB,LT,jury,26,8,3.25
EE,HU,jury,13,4,3.25
AZ,GE,jury,13,4,3.25
UA,GB,jury,26,8,3.25
UA,RO,jury,13,4,3.25
MT,DK,jury,13,4,3.25
SM,SI,jury,13,4,3.25
PL,RU,public,13,4,3.25
GB,CY,public,26,8,3.25
SI,AL,public,26,8,3.25
NO,CH,public,26,8,3.25
PT,BG,public,13,4,3.25
AZ,RO,public,13,4,3.25
HR,RO,public,13,4,3.25
GR,NO,public,26,8,3.25
CZ,FR,jury,29,9,3.22
LV,FR,jury,29,9,3.22
LT,FR,jury,29,9,3.22
SE,IL,jury,29,9,3.22
GR,IT,jury,29,9,3.22
IL,IT,jury,29,9,3.22
IS,FI,jury,29,9,3.22
SM,EE,jury,29,9,3.22
HR,SE,public,29,9,3.22
GE,SE,public,29,9,3.22
CH,SE,public,29,9,3.22
EE,IT,public,29,9,3.22
ME,UA,jury,16,5,3.2
SE,BE,jury,16,5,3.2
BG,ES,jury,16,5,3.2
CZ,HR,jury,16,5,3.2
NL,CZ,jury,16,5,3.2
NO,CZ,jury,16,5,3.2
MD,IS,jury,16,5,3.2
RS,MD,jury,16,5,3.2
SM,AL,jury,16,5,3.2
LT,IS,jury,16,5,3.2
BE,MT,public,16,5,3.2
BG,AT,public,16,5,3.2
NO,AZ,public,16,5,3.2
GR,GE,public,16,5,3.2
FI,HR,public,16,5,3.2
DK,IE,public,16,5,3.2
RO,EE,public,16,5,3.2
IE,IS,public,16,5,3.2
IL,AZ,jury,19,6,3.17
MT,HR,jury,19,6,3.17
RO,IT,jury,19,6,3.17
CY,AL,jury,19,6,3.17
FR,AU,public,19,6,3.17
FR,BE,public,19,6,3.17
BE,AT,public,19,6,3.17
IL,AZ,public,19,6,3.17
SI,DK,public,19,6,3.17
MK,CH,public,19,6,3.17
NO,GR,public,19,6,3.17
RO,CY,public,19,6,3.17
AT,AL,public,19,6,3.17
PL,CZ,jury,22,7,3.14
AU,CH,jury,22,7,3.14
GB,FI,jury,22,7,3.14
AZ,CH,jury,22,7,3.14
SI,AU,public,22,7,3.14
IS,LT,public,22,7,3.14
HR,NL,public,22,7,3.14
DE,AT,public,22,7,3.14
NL,HR,public,22,7,3.14
NL,FI,public,22,7,3.14
NL,GR,public,22,7,3.14
IT,PT,public,22,7,3.14
SE,PT,public,22,7,3.14
CZ,CH,public,22,7,3.14
CH,UA,jury,25,8,3.12
IT,LT,jury,25,8,3.12
BE,CY,jury,25,8,3.12
SM,PT,jury,25,8,3.12
MD,FR,public,25,8,3.12
RS,CY,public,25,8,3.12
EE,CH,public,25,8,3.12
DK,EE,public,25,8,3.12
RS,EE,public,25,8,3.12
IS,FR,jury,28,9,3.11
CH,FR,jury,28,9,3.11
AU,ES,jury,28,9,3.11
IL,SE,public,28,9,3.11
NL,IT,public,28,9,3.11
IL,NO,public,28,9,3.11
AL,UA,jury,24,8,3.0
IE,AU,jury,21,7,3.0
AU,RU,jury,12,4,3.0
BG,RU,jury,6,2,3.0
BA,BG,jury,3,1,3.0
HR,FR,jury,27,9,3.0
EE,FR,jury,27,9,3.0
HU,PL,jury,12,4,3.0
DK,LT,jury,27,9,3.0
LV,AT,jury,27,9,3.0
NO,AT,jury,24,8,3.0
AT,IL,jury,24,8,3.0
AU,LV,jury,15,5,3.0
EE,LV,jury,12,4,3.0
CH,LV,jury,18,6,3.0
UA,IT,jury,24,8,3.0
AU,AZ,jury,15,5,3.0
LT,AZ,jury,18,6,3.0
BG,RS,jury,15,5,3.0
FI,RS,jury,21,7,3.0
IT,GE,jury,12,4,3.0
FI,HR,jury,15,5,3.0
IS,GB,jury,27,9,3.0
CY,CZ,jury,18,6,3.0
MK,CZ,jury,12,4,3.0
UA,CZ,jury,12,4,3.0
BA,ME,jury,3,1,3.0
NL,IS,jury,15,5,3.0
FI,GR,jury,24,8,3.0
MT,GR,jury,21,7,3.0
IL,NO,jury,27,9,3.0
MK,SI,jury,12,4,3.0
AU,DK,jury,15,5,3.0
BE,PT,jury,24,8,3.0
MT,PT,jury,21,7,3.0
SE,PT,jury,21,7,3.0
IE,RO,jury,12,4,3.0
EE,NO,jury,24,8,3.0
GE,GR,jury,18,6,3.0
EE,DK,jury,15,5,3.0
PT,ES,jury,24,8,3.0
LV,FI,jury,21,7,3.0
GE,IS,jury,15,5,3.0
RO,SI,jury,12,4,3.0
MK,FI,jury,9,3,3.0
RO,FI,jury,12,4,3.0
GR,CH,jury,21,7,3.0
FI,MK,jury,9,3,3.0
UA,ME,jury,3,1,3.0
BE,SM,jury,12,4,3.0
MK,ME,jury,3,1,3.0
LU,SE,jury,6,2,3.0
NL,LU,jury,6,2,3.0
SE,LU,jury,6,2,3.0
LU,GB,jury,6,2,3.0
BA,AU,public,3,1,3.0
BG,AU,public,12,4,3.0
AU,RU,public,12,4,3.0
BE,RU,public,9,3,3.0
CH,RU,public,9,3,3.0
GB,RU,public,9,3,3.0
RU,SE,public,12,4,3.0
RS,SE,public,27,9,3.0
UA,SE,public,24,8,3.0
UA,FR,public,24,8,3.0
BA,AM,public,3,1,3.0
IL,AM,public,21,7,3.0
BG,PL,public,12,4,3.0
SM,PL,public,24,8,3.0
ES,PL,public,21,7,3.0
BY,BE,public,12,4,3.0
FI,BE,public,21,7,3.0
UA,BE,public,15,5,3.0
LT,NL,public,21,7,3.0
RU,NL,public,12,4,3.0
CY,MT,public,15,5,3.0
GB,MT,public,15,5,3.0
AZ,AT,public,21,7,3.0
GE,IT,public,27,9,3.0
UA,IT,public,24,8,3.0
LV,AZ,public,15,5,3.0
NL,AZ,public,15,5,3.0
SM,AZ,public,15,5,3.0
AM,HU,public,9,3,3.0
LT,HU,public,9,3,3.0
MD,HU,public,9,3,3.0
MK,HU,public,9,3,3.0
SE,HU,public,9,3,3.0
LV,GE,public,15,5,3.0
CZ,CY,public,24,8,3.0
EE,HR,public,15,5,3.0
LT,CZ,public,15,5,3.0
PL,CZ,public,21,7,3.0
UA,CZ,public,12,4,3.0
EE,SM,public,18,6,3.0
GR,SM,public,12,4,3.0
MD,SM,public,12,4,3.0
ES,SM,public,15,5,3.0
HR,EE,public,24,8,3.0
HU,EE,public,12,4,3.0
DE,AL,public,18,6,3.0
UA,CH,public,21,7,3.0
BY,PT,public,9,3,3.0
GR,PT,public,24,8,3.0
DK,RO,public,12,4,3.0
FI,RO,public,6,2,3.0
NL,RO,public,15,5,3.0
BE,GR,public,21,7,3.0
MT,DK,public,12,4,3.0
HU,CH,public,6,2,3.0
FR,AL,public,18,6,3.0
GR,IE,public,6,2,3.0
AM,MK,public,6,2,3.0
RU,MK,public,6,2,3.0
LU,PL,public,3,1,3.0
PL,IT,public,26,9,2.89
IE,GB,public,26,9,2.89
CH,DE,public,26,9,2.89
SM,LT,jury,23,8,2.88
AU,CY,jury,23,8,2.88
GE,CY,jury,23,8,2.88
IS,GR,jury,23,8,2.88
IS,EE,jury,23,8,2.88
AM,IT,public,23,8,2.88
PL,CY,public,23,8,2.88
ES,CY,public,23,8,2.88
AZ,FI,public,23,8,2.88
GR,EE,public,23,8,2.88
IS,EE,public,23,8,2.88
ES,NO,public,23,8,2.88
HR,CH,public,23,8,2.88
AM,UA,jury,20,7,2.86
HR,AU,jury,20,7,2.86
CY,RS,jury,20,7,2.86
MD,CY,jury,20,7,2.86
AZ,EE,jury,20,7,2.86
LV,DK,jury,20,7,2.86
IE,PT,jury,20,7,2.86
MD,LT,public,20,7,2.86
MD,FI,public,20,7,2.86
AT,PT,public,20,7,2.86
AL,EE,public,20,7,2.86
AT,BE,jury,17,6,2.83
UA,SI,jury,17,6,2.83
LV,MD,jury,17,6,2.83
LV,GR,jury,17,6,2.83
BE,EE,jury,17,6,2.83
IE,FI,jury,17,6,2.83
MK,SE,public,17,6,2.83
AZ,BE,public,17,6,2.83
GB,BE,public,17,6,2.83
MK,NL,public,17,6,2.83
AL,AZ,public,17,6,2.83
IS,HR,public,17,6,2.83
AM,CZ,public,17,6,2.83
RS,CZ,public,17,6,2.83
RO,FR,public,17,6,2.83
ME,CY,jury,14,5,2.8
BG,NO,jury,14,5,2.8
UA,IE,jury,14,5,2.8
UA,GR,jury,14,5,2.8
HR,DK,jury,14,5,2.8
SI,IS,jury,14,5,2.8
MT,AL,jury,14,5,2.8
SI,BG,public,14,5,2.8
AM,BE,public,14,5,2.8
BG,BE,public,14,5,2.8
SI,AZ,public,14,5,2.8
CZ,HR,public,14,5,2.8
DE,CZ,public,14,5,2.8
BG,CH,public,14,5,2.8
PT,AU,public,14,5,2.8
IL,FR,jury,25,9,2.78
EE,IT,jury,25,9,2.78
IL,DE,jury,25,9,2.78
CZ,FI,jury,25,9,2.78
RS,FR,public,25,9,2.78
CH,FR,public,25,9,2.78
FI,IT,public,25,9,2.78
GR,FI,public,25,9,2.78
RU,AU,jury,11,4,2.75
RS,LT,jury,22,8,2.75
IS,MT,jury,11,4,2.75
RU,IT,jury,11,4,2.75
SM,RS,jury,22,8,2.75
BY,DK,jury,11,4,2.75
CY,PT,jury,22,8,2.75
PT,SE,jury,22,8,2.75
AT,NO,jury,22,8,2.75
MT,NO,jury,22,8,2.75
RO,HR,jury,11,4,2.75
BE,FI,jury,22,8,2.75
IT,SM,jury,11,4,2.75
HU,AU,public,11,4,2.75
SE,BG,public,11,4,2.75
HU,SE,public,11,4,2.75
ME,BE,public,11,4,2.75
DK,IL,public,22,8,2.75
CZ,HU,public,11,4,2.75
IS,HU,public,11,4,2.75
BE,CY,public,22,8,2.75
RS,CH,public,22,8,2.75
GB,CH,public,22,8,2.75
SI,PT,public,22,8,2.75
RO,BE,public,11,4,2.75
CZ,NO,public,22,8,2.75
GE,FI,public,22,8,2.75
MT,MK,public,11,4,2.75
CZ,PL,jury,19,7,2.71
GR,NL,jury,19,7,2.71
PL,AT,jury,19,7,2.71
AU,RS,jury,19,7,2.71
GB,CZ,jury,19,7,2.71
IE,EE,jury,19,7,2.71
PL,EE,jury,19,7,2.71
PL,LT,public,19,7,2.71
IL,BE,public,19,7,2.71
ES,BE,public,19,7,2.71
AZ,NL,public,19,7,2.71
SM,NL,public,19,7,2.71
CH,NL,public,19,7,2.71
CZ,AT,public,19,7,2.71
AU,CH,public,19,7,2.71
GR,SE,jury,24,9,2.67
SI,AM,jury,16,6,2.67
BY,PL,jury,8,3,2.67
HU,LT,jury,8,3,2.67
EE,MT,jury,16,6,2.67
CZ,IL,jury,24,9,2.67
NO,LV,jury,16,6,2.67
CZ,AZ,jury,16,6,2.67
AT,HU,jury,8,3,2.67
CH,HU,jury,8,3,2.67
DE,HR,jury,16,6,2.67
IT,GB,jury,24,9,2.67
SM,GB,jury,24,9,2.67
RU,EE,jury,8,3,2.67
BG,BY,jury,8,3,2.67
LV,NO,jury,24,9,2.67
GE,SI,jury,16,6,2.67
RS,DK,jury,16,6,2.67
MK,CH,jury,16,6,2.67
CZ,BY,jury,8,3,2.67
BY,GR,jury,8,3,2.67
AT,AL,jury,16,6,2.67
PT,RS,jury,16,6,2.67
UA,IS,jury,8,3,2.67
GR,AU,public,16,6,2.67
ES,AU,public,16,6,2.67
LT,FR,public,24,9,2.67
CH,PL,public,16,6,2.67
HU,BE,public,8,3,2.67
IE,BE,public,16,6,2.67
RS,IL,public,24,9,2.67
PL,LV,public,16,6,2.67
IE,HU,public,8,3,2.67
MD,ME,public,8,3,2.67
RU,IS,public,8,3,2.67
RU,FI,public,8,3,2.67
CY,MD,public,16,6,2.67
IE,CH,public,24,9,2.67
LT,CH,public,24,9,2.67
AU,EE,public,16,6,2.67
SI,EE,public,16,6,2.67
RU,SI,public,8,3,2.67
SE,MK,public,8,3,2.67
GR,AT,jury,21,8,2.62
AM,ES,jury,21,8,2.62
MT,EE,jury,21,8,2.62
AU,PT,jury,21,8,2.62
AU,PT,public,21,8,2.62
BE,MT,jury,13,5,2.6
LT,MT,jury,13,5,2.6
SM,LV,jury,13,5,2.6
FR,AZ,jury,13,5,2.6
NL,AZ,jury,13,5,2.6
EE,HR,jury,13,5,2.6
BE,IE,jury,13,5,2.6
DK,IE,jury,13,5,2.6
GB,IE,jury,13,5,2.6
ME,NO,jury,13,5,2.6
AZ,IE,jury,13,5,2.6
LV,BG,public,13,5,2.6
MK,AM,public,13,5,2.6
IT,IS,public,13,5,2.6
HR,IE,public,13,5,2.6
CH,IS,public,13,5,2.6
AU,SM,public,13,5,2.6
NO,AM,jury,18,7,2.57
GE,LT,jury,18,7,2.57
IS,BE,jury,18,7,2.57
GE,AT,jury,18,7,2.57
AL,RS,jury,18,7,2.57
PL,RS,jury,18,7,2.57
ES,RS,jury,18,7,2.57
NO,CY,jury,18,7,2.57
IE,HR,jury,18,7,2.57
ES,IS,jury,18,7,2.57
SE,EE,jury,18,7,2.57
PL,AL,jury,18,7,2.57
GR,NL,public,18,7,2.57
SI,AT,public,18,7,2.57
ES,AT,public,18,7,2.57
GR,RS,public,18,7,2.57
IT,HR,public,18,7,2.57
GR,CZ,public,18,7,2.57
SE,MD,public,18,7,2.57
LV,CH,public,18,7,2.57
AU,FR,jury,23,9,2.56
NO,FR,jury,23,9,2.56
GE,IL,jury,23,9,2.56
IS,IT,jury,23,9,2.56
AL,GB,jury,23,9,2.56
IE,GB,jury,23,9,2.56
AT,SE,public,23,9,2.56
DK,AT,public,23,9,2.56
NO,IT,public,23,9,2.56
NO,RU,jury,10,4,2.5
BG,PL,jury,10,4,2.5
MD,NL,jury,15,6,2.5
GB,LV,jury,15,6,2.5
MD,IT,jury,20,8,2.5
BE,AZ,jury,15,6,2.5
AU,HU,jury,10,4,2.5
RU,GE,jury,5,2,2.5
MD,SM,jury,10,4,2.5
HR,IS,jury,15,6,2.5
BY,MK,jury,10,4,2.5
MK,PT,jury,10,4,2.5
ME,DK,jury,10,4,2.5
PT,MK,jury,5,2,2.5
LU,UA,jury,5,2,2.5
HR,LU,jury,5,2,2.5
SI,LU,jury,5,2,2.5
RU,AU,public,10,4,2.5
RU,PL,public,5,2,2.5
IT,LT,public,20,8,2.5
RU,LT,public,10,4,2.5
CH,BE,public,15,6,2.5
BY,NL,public,10,4,2.5
IL,MT,public,15,6,2.5
NL,MT,public,15,6,2.5
RU,MT,public,10,4,2.5
FR,AT,public,20,8,2.5
MK,IL,public,15,6,2.5
LT,AZ,public,15,6,2.5
CY,HU,public,10,4,2.5
IT,GE,public,10,4,2.5
BY,CY,public,10,4,2.5
FI,CY,public,20,8,2.5
MK,SI,public,10,4,2.5
LT,IE,public,15,6,2.5
PL,IE,public,10,4,2.5
IT,DK,public,15,6,2.5
AL,MD,public,15,6,2.5
IS,RO,public,5,2,2.5
LT,RO,public,10,4,2.5
ME,BY,public,5,2,2.5
DE,GR,public,15,6,2.5
FR,DK,public,15,6,2.5
BE,IS,public,15,6,2.5
IT,ME,public,5,2,2.5
AZ,MK,public,10,4,2.5
LU,EE,public,5,2,2.5
SI,FR,jury,22,9,2.44
GB,FR,jury,22,9,2.44
AL,ES,jury,22,9,2.44
IT,DE,jury,22,9,2.44
FR,ES,public,22,9,2.44
MT,GB,public,22,9,2.44
BE,NO,public,22,9,2.44
EE,BE,jury,17,7,2.43
AU,NL,jury,17,7,2.43
NL,CY,jury,17,7,2.43
MD,CZ,jury,17,7,2.43
DK,AL,jury,17,7,2.43
CY,CH,jury,17,7,2.43
CY,AU,public,17,7,2.43
PL,RS,public,17,7,2.43
MD,CY,public,17,7,2.43
SI,CY,public,17,7,2.43
IT,CH,public,17,7,2.43
BG,FR,jury,12,5,2.4
NO,BE,jury,12,5,2.4
LT,CZ,jury,12,5,2.4
ME,CZ,jury,12,5,2.4
UA,DK,jury,12,5,2.4
FI,SI,jury,12,5,2.4
DK,AZ,public,12,5,2.4
SE,AZ,public,12,5,2.4
CZ,SM,public,12,5,2.4
FI,SM,public,12,5,2.4
NL,IE,public,12,5,2.4
RO,MT,public,12,5,2.4
PL,SM,public,12,5,2.4
SM,UA,jury,19,8,2.38
DK,IL,jury,19,8,2.38
UA,DE,jury,19,8,2.38
AU,FI,jury,19,8,2.38
LT,AT,public,19,8,2.38
HR,IL,public,19,8,2.38
ES,EE,public,19,8,2.38
CZ,PT,public,19,8,2.38
PT,NO,public,19,8,2.38
EE,RU,jury,7,3,2.33
CH,RU,jury,7,3,2.33
GB,RU,jury,7,3,2.33
ME,FR,jury,14,6,2.33
BY,AM,jury,7,3,2.33
BE,PL,jury,14,6,2.33
AL,BE,jury,14,6,2.33
RS,BE,jury,14,6,2.33
ME,NL,jury,14,6,2.33
CZ,IT,jury,21,9,2.33
AT,AZ,jury,14,6,2.33
FI,AZ,jury,14,6,2.33
DE,ES,jury,21,9,2.33
IL,HR,jury,14,6,2.33
MD,HR,jury,14,6,2.33
FI,GB,jury,21,9,2.33
ES,MD,jury,14,6,2.33
IE,MK,jury,14,6,2.33
IL,RO,jury,7,3,2.33
PT,HU,jury,7,3,2.33
ES,BY,jury,7,3,2.33
RO,CY,jury,14,6,2.33
PT,SI,jury,14,6,2.33
NL,MK,jury,7,3,2.33
RO,LT,jury,14,6,2.33
ME,CH,jury,7,3,2.33
AL,FR,public,21,9,2.33
NL,FR,public,21,9,2.33
NO,FR,public,21,9,2.33
MD,PL,public,14,6,2.33
MT,LT,public,21,9,2.33
NO,MT,public,14,6,2.33
LV,IT,public,21,9,2.33
AL,HU,public,7,3,2.33
DK,HU,public,7,3,2.33
IL,HR,public,14,6,2.33
RU,HR,public,7,3,2.33
LT,DK,public,14,6,2.33
HU,PT,public,7,3,2.33
AZ,AL,public,14,6,2.33
NL,MK,public,7,3,2.33
CZ,AM,jury,16,7,2.29
NL,AM,jury,16,7,2.29
GR,BE,jury,16,7,2.29
RS,MT,jury,16,7,2.29
GR,CZ,jury,16,7,2.29
AM,NO,jury,16,7,2.29
DE,EE,jury,16,7,2.29
LT,EE,jury,16,7,2.29
FI,PL,public,16,7,2.29
LV,NL,public,16,7,2.29
ES,NL,public,16,7,2.29
FI,RS,public,16,7,2.29
IT,CY,public,16,7,2.29
AZ,PT,public,16,7,2.29
DK,PT,public,16,7,2.29
NO,EE,public,16,7,2.29
MT,UA,jury,18,8,2.25
DE,RU,jury,9,4,2.25
RU,FR,jury,9,4,2.25
ME,AT,jury,9,4,2.25
IS,IL,jury,18,8,2.25
BY,RS,jury,9,4,2.25
IL,CY,jury,18,8,2.25
HR,GR,jury,18,8,2.25
CZ,EE,jury,18,8,2.25
RO,AL,jury,9,4,2.25
AM,BG,public,9,4,2.25
RU,FR,public,9,4,2.25
GR,AT,public,18,8,2.25
RU,RS,public,9,4,2.25
GR,HU,public,9,4,2.25
IE,CY,public,18,8,2.25
BG,HR,public,9,4,2.25
IS,SM,public,9,4,2.25
GE,PT,public,18,8,2.25
PT,GE,public,9,4,2.25
BG,EE,public,9,4,2.25
RO,CZ,public,9,4,2.25
DE,IS,public,9,4,2.25
GE,FR,jury,20,9,2.22
IT,FR,jury,20,9,2.22
NL,LT,jury,20,9,2.22
NO,LT,jury,20,9,2.22
SM,ES,jury,20,9,2.22
AU,GB,jury,20,9,2.22
AT,GB,jury,20,9,2.22
BE,GB,jury,20,9,2.22
MT,GB,jury,20,9,2.22
SE,GB,jury,20,9,2.22
DK,DE,jury,20,9,2.22
RS,DE,jury,20,9,2.22
GR,SE,public,20,9,2.22
PL,IL,public,20,9,2.22
AU,GB,public,20,9,2.22
CH,NO,public,20,9,2.22
BG,IT,jury,11,5,2.2
ME,EE,jury,11,5,2.2
SI,MD,jury,11,5,2.2
AT,SI,jury,11,5,2.2
ME,AU,public,11,5,2.2
CY,GE,public,11,5,2.2
LT,IS,public,11,5,2.2
IS,AZ,jury,13,6,2.17
DK,HR,jury,13,6,2.17
GR,HR,jury,13,6,2.17
SE,HR,jury,13,6,2.17
SM,CZ,jury,13,6,2.17
NO,MD,jury,13,6,2.17
AU,AT,public,13,6,2.17
SI,CZ,public,13,6,2.17
GB,DK,public,13,6,2.17
IT,EE,public,13,6,2.17
PT,LT,public,13,6,2.17
FI,AM,jury,15,7,2.14
PL,LT,jury,15,7,2.14
CZ,AT,jury,15,7,2.14
AZ,HR,jury,15,7,2.14
GB,AL,jury,15,7,2.14
IT,PT,jury,15,7,2.14
PT,GR,jury,15,7,2.14
AU,PL,public,15,7,2.14
CY,BE,public,15,7,2.14
IS,CY,public,15,7,2.14
LT,CY,public,15,7,2.14
AZ,HR,public,15,7,2.14
NO,HR,public,15,7,2.14
GB,CZ,public,15,7,2.14
CH,GR,public,15,7,2.14
IE,UA,jury,17,8,2.12
IT,AT,jury,17,8,2.12
GR,IL,jury,17,8,2.12
AZ,CY,jury,17,8,2.12
GE,PL,public,17,8,2.12
EE,CY,public,17,8,2.12
CY,NO,public,17,8,2.12
CY,ES,jury,19,9,2.11
IT,ES,jury,19,9,2.11
MT,ES,jury,19,9,2.11
IE,DE,jury,19,9,2.11
HR,FR,public,19,9,2.11
FI,FR,public,19,9,2.11
NL,LT,public,19,9,2.11
IS,IT,public,19,9,2.11
GB,UA,jury,16,8,2.0
AT,AU,jury,12,6,2.0
RU,BG,jury,6,3,2.0
DK,FR,jury,18,9,2.0
MK,FR,jury,12,6,2.0
SM,AM,jury,12,6,2.0
UA,AM,jury,12,6,2.0
SI,PL,jury,14,7,2.0
AM,BE,jury,10,5,2.0
FR,BE,jury,12,6,2.0
BA,MT,jury,2,1,2.0
DK,MT,jury,12,6,2.0
CH,MT,jury,10,5,2.0
UA,MT,jury,10,5,2.0
AM,AT,jury,16,8,2.0
HR,AT,jury,16,8,2.0
SM,AT,jury,14,7,2.0
BY,IL,jury,8,4,2.0
NL,IT,jury,18,9,2.0
EE,RS,jury,16,8,2.0
SI,HU,jury,8,4,2.0
CZ,CY,jury,16,8,2.0
AZ,ES,jury,18,9,2.0
MK,ES,jury,12,6,2.0
GB,ES,jury,18,9,2.0
IT,HR,jury,14,7,2.0
PL,HR,jury,8,4,2.0
BG,GB,jury,10,5,2.0
EE,GB,jury,18,9,2.0
FR,GB,jury,18,9,2.0
DE,GB,jury,18,9,2.0
IL,GB,jury,18,9,2.0
AZ,CZ,jury,12,6,2.0
CZ,DE,jury,18,9,2.0
NO,DE,jury,18,9,2.0
CH,DE,jury,18,9,2.0
CZ,BA,jury,2,1,2.0
SM,BA,jury,2,1,2.0
FR,SM,jury,12,6,2.0
ME,SM,jury,10,5,2.0
ES,EE,jury,16,8,2.0
SI,MK,jury,6,3,2.0
AU,BY,jury,6,3,2.0
BE,NO,jury,18,9,2.0
RO,BE,jury,8,4,2.0
GE,RO,jury,6,3,2.0
PT,GB,jury,16,8,2.0
PT,BY,jury,6,3,2.0
CZ,DK,jury,10,5,2.0
CZ,AL,jury,12,6,2.0
SM,IE,jury,8,4,2.0
DK,SM,jury,10,5,2.0
FR,AL,jury,12,6,2.0
CH,FI,jury,12,6,2.0
GR,MK,jury,4,2,2.0
MK,IS,jury,8,4,2.0
AL,LU,jury,4,2,2.0
CY,LU,jury,4,2,2.0
FI,LU,jury,4,2,2.0
MT,LU,jury,4,2,2.0
MD,LU,jury,2,1,2.0
UA,LU,jury,4,2,2.0
UA,AU,public,12,6,2.0
BA,BG,public,2,1,2.0
AU,FR,public,18,9,2.0
GE,FR,public,18,9,2.0
IT,NL,public,14,7,2.0
HR,MT,public,10,5,2.0
MD,MT,public,8,4,2.0
SE,MT,public,12,6,2.0
AL,AT,public,18,9,2.0
RS,AT,public,14,7,2.0
SE,AT,public,14,7,2.0
LT,IL,public,16,8,2.0
SI,IL,public,16,8,2.0
AT,AZ,public,12,6,2.0
IT,AZ,public,10,5,2.0
IL,RS,public,16,8,2.0
BA,HU,public,2,1,2.0
IL,HU,public,8,4,2.0
BA,CY,public,2,1,2.0
DK,HR,public,12,6,2.0
FR,HR,public,10,5,2.0
LT,HR,public,16,8,2.0
ES,HR,public,10,5,2.0
GB,HR,public,12,6,2.0
SE,CZ,public,12,6,2.0
GR,IS,public,14,7,2.0
MK,NO,public,12,6,2.0
BE,DK,public,10,5,2.0
NO,PT,public,14,7,2.0
UA,PT,public,14,7,2.0
MK,MD,public,10,5,2.0
UA,RO,public,8,4,2.0
RO,AU,public,12,6,2.0
SM,NO,public,16,8,2.0
RO,HR,public,8,4,2.0
CZ,BY,public,6,3,2.0
IS,BY,public,6,3,2.0
CZ,DK,public,10,5,2.0
IT,FI,public,14,7,2.0
SI,FI,public,16,8,2.0
MD,AL,public,12,6,2.0
MT,IE,public,12,6,2.0
MK,EE,public,8,4,2.0
MK,SM,public,8,4,2.0
GB,EE,public,14,7,2.0
SM,AL,public,10,5,2.0
AZ,IE,public,10,5,2.0
BG,IS,public,6,3,2.0
PT,SM,public,6,3,2.0
FR,LU,public,4,2,2.0
SI,LU,public,4,2,2.0
SM,FR,jury,17,9,1.89
AU,IT,jury,17,9,1.89
BE,ES,jury,17,9,1.89
NO,ES,jury,17,9,1.89
LV,GB,jury,17,9,1.89
NL,DE,jury,17,9,1.89
SE,FR,public,17,9,1.89
IE,RS,jury,15,8,1.88
DE,CY,jury,15,8,1.88
FR,FI,jury,15,8,1.88
FI,EE,jury,15,8,1.88
IT,AL,jury,15,8,1.88
IL,PT,jury,15,8,1.88
FR,NO,jury,15,8,1.88
PT,FR,jury,15,8,1.88
AT,AM,public,15,8,1.88
SE,CY,public,15,8,1.88
BE,CH,public,15,8,1.88
EE,PT,public,15,8,1.88
FR,NO,public,15,8,1.88
IS,AM,jury,13,7,1.86
FI,PL,jury,13,7,1.86
CY,NL,jury,13,7,1.86
IL,NL,jury,13,7,1.86
MD,IL,jury,13,7,1.86
AZ,RS,jury,13,7,1.86
BE,RS,jury,13,7,1.86
GB,RS,jury,13,7,1.86
MT,MD,jury,13,7,1.86
AM,EE,jury,13,7,1.86
CY,EE,jury,13,7,1.86
AZ,AU,public,13,7,1.86
FI,NL,public,13,7,1.86
FR,NL,public,13,7,1.86
IE,AT,public,13,7,1.86
AM,HR,public,13,7,1.86
AZ,EE,public,13,7,1.86
SI,CH,public,13,7,1.86
CY,CH,public,13,7,1.86
NL,LV,jury,11,6,1.83
MK,GB,jury,11,6,1.83
IT,CZ,jury,11,6,1.83
LT,DK,jury,11,6,1.83
RO,IL,jury,11,6,1.83
RO,ES,jury,11,6,1.83
AZ,SI,jury,11,6,1.83
CY,SI,jury,11,6,1.83
UA,EE,jury,11,6,1.83
MK,FR,public,11,6,1.83
CH,MD,public,11,6,1.83
IT,GR,public,11,6,1.83
PT,SI,public,11,6,1.83
UA,BG,jury,9,5,1.8
GR,GE,jury,9,5,1.8
AU,HR,jury,9,5,1.8
ES,SI,jury,9,5,1.8
IE,IS,jury,9,5,1.8
MT,IS,public,9,5,1.8
ME,GR,public,9,5,1.8
BG,NO,public,9,5,1.8
IL,DK,public,9,5,1.8
CZ,SI,public,9,5,1.8
NO,GB,jury,16,9,1.78
FR,DE,jury,16,9,1.78
LT,DE,jury,16,9,1.78
CY,FI,jury,16,9,1.78
DE,FR,public,16,9,1.78
SM,FR,public,16,9,1.78
SI,FR,public,16,9,1.78
SE,IT,public,16,9,1.78
GR,ES,public,16,9,1.78
IL,DE,public,16,9,1.78
IL,CH,public,16,9,1.78
AM,BG,jury,7,4,1.75
HU,IL,jury,7,4,1.75
BE,LV,jury,7,4,1.75
BY,IT,jury,7,4,1.75
HU,IT,jury,7,4,1.75
BY,AZ,jury,7,4,1.75
RU,RS,jury,7,4,1.75
IL,GE,jury,7,4,1.75
PL,CY,jury,14,8,1.75
MD,ES,jury,14,8,1.75
GR,EE,jury,14,8,1.75
AL,BY,jury,7,4,1.75
IL,BY,jury,7,4,1.75
SE,DK,jury,7,4,1.75
BG,EE,jury,7,4,1.75
GB,SM,jury,7,4,1.75
DK,RU,public,7,4,1.75
AL,LT,public,14,8,1.75
IS,MT,public,7,4,1.75
BY,IT,public,7,4,1.75
MT,EE,public,14,8,1.75
NL,EE,public,14,8,1.75
AL,IE,public,7,4,1.75
BY,DK,public,7,4,1.75
MK,PT,public,7,4,1.75
AU,ME,public,7,4,1.75
SM,IE,public,7,4,1.75
IL,AM,jury,12,7,1.71
GR,PL,jury,12,7,1.71
CZ,LT,jury,12,7,1.71
FI,BE,jury,12,7,1.71
GB,NL,jury,12,7,1.71
GR,RS,jury,12,7,1.71
FR,CY,jury,12,7,1.71
AM,HR,jury,12,7,1.71
NL,FI,jury,12,7,1.71
HR,MD,jury,12,7,1.71
DE,IE,jury,12,7,1.71
IT,FI,jury,12,7,1.71
NL,AU,public,12,7,1.71
IT,AM,public,12,7,1.71
EE,PL,public,12,7,1.71
LV,PL,public,12,7,1.71
MT,AT,public,12,7,1.71
MD,CZ,public,12,7,1.71
MD,EE,public,12,7,1.71
BE,AL,public,12,7,1.71
DE,PT,public,12,7,1.71
IE,PT,public,12,7,1.71
PT,AT,public,12,7,1.71
GB,GR,public,12,7,1.71
LT,RU,jury,5,3,1.67
RS,AM,jury,10,6,1.67
CY,PL,jury,10,6,1.67
MT,PL,jury,10,6,1.67
DE,LT,jury,15,9,1.67
AZ,BE,jury,10,6,1.67
AL,AT,jury,15,9,1.67
FR,LV,jury,10,6,1.67
HR,AZ,jury,10,6,1.67
MK,HU,jury,5,3,1.67
SE,ES,jury,15,9,1.67
RU,CZ,jury,5,3,1.67
ES,DE,jury,15,9,1.67
CY,MD,jury,10,6,1.67
RS,NO,jury,15,9,1.67
BE,RO,jury,5,3,1.67
GB,RO,jury,5,3,1.67
FI,AL,jury,10,6,1.67
MT,IE,jury,10,6,1.67
HR,AL,jury,10,6,1.67
MD,IE,jury,5,3,1.67
NL,SI,jury,10,6,1.67
MD,AU,public,10,6,1.67
AZ,FR,public,15,9,1.67
EE,FR,public,15,9,1.67
IT,FR,public,15,9,1.67
PL,FR,public,15,9,1.67
SM,AM,public,10,6,1.67
UA,AM,public,10,6,1.67
MK,PL,public,5,3,1.67
CY,AT,public,10,6,1.67
AU,IT,public,15,9,1.67
GB,AZ,public,10,6,1.67
LV,HU,public,5,3,1.67
MK,ES,public,10,6,1.67
GR,HR,public,10,6,1.67
LV,HR,public,10,6,1.67
AZ,ME,public,5,3,1.67
SM,EE,public,15,9,1.67
RS,DK,public,10,6,1.67
AT,DK,public,10,6,1.67
PT,DK,public,10,6,1.67
AT,MK,public,5,3,1.67
PT,RS,public,10,6,1.67
RO,IS,public,5,3,1.67
FR,PL,jury,13,8,1.62
GE,PL,jury,13,8,1.62
CH,RS,jury,13,8,1.62
CZ,GR,jury,13,8,1.62
EE,GR,jury,13,8,1.62
UA,NO,jury,13,8,1.62
PT,FI,jury,13,8,1.62
IL,LT,public,13,8,1.62
MD,AT,public,13,8,1.62
CY,PT,public,13,8,1.62
GB,MT,jury,8,5,1.6
BG,AZ,jury,8,5,1.6
LV,GE,jury,8,5,1.6
FR,HR,jury,8,5,1.6
ME,PT,jury,8,5,1.6
FI,DK,jury,8,5,1.6
IT,IS,jury,8,5,1.6
IS,BG,public,8,5,1.6
AM,PL,public,8,5,1.6
BG,LT,public,8,5,1.6
IT,MT,public,8,5,1.6
LT,MT,public,8,5,1.6
UA,MT,public,8,5,1.6
BG,ES,public,8,5,1.6
ME,CZ,public,8,5,1.6
NL,CZ,public,8,5,1.6
CY,SM,public,8,5,1.6
ME,IS,public,8,5,1.6
CH,IE,public,8,5,1.6
UA,IE,public,8,5,1.6
PT,HR,public,8,5,1.6
PT,AZ,public,8,5,1.6
SE,AM,jury,11,7,1.57
FI,LT,jury,11,7,1.57
AZ,NL,jury,11,7,1.57
MD,LV,jury,11,7,1.57
IS,RS,jury,11,7,1.57
IT,RS,jury,11,7,1.57
CH,CY,jury,11,7,1.57
MT,SM,jury,11,7,1.57
NL,MD,jury,11,7,1.57
LT,AU,public,11,7,1.57
CY,NL,public,11,7,1.57
PL,NL,public,11,7,1.57
PL,AT,public,11,7,1.57
MD,RS,public,11,7,1.57
CH,DK,public,11,7,1.57
HR,PT,public,11,7,1.57
DE,EE,public,11,7,1.57
DK,GB,jury,14,9,1.56
PL,GB,jury,14,9,1.56
CH,GB,jury,14,9,1.56
BE,DE,jury,14,9,1.56
PL,DE,jury,14,9,1.56
AU,NO,jury,14,9,1.56
SI,NO,jury,14,9,1.56
IT,SE,public,14,9,1.56
CH,ES,public,14,9,1.56
FR,EE,public,14,9,1.56
DK,RU,jury,6,4,1.5
PL,AM,jury,9,6,1.5
MK,LT,jury,9,6,1.5
SE,LT,jury,12,8,1.5
PL,MT,jury,9,6,1.5
IS,HU,jury,6,4,1.5
BG,CY,jury,6,4,1.5
HU,HR,jury,3,2,1.5
RU,GB,jury,6,4,1.5
RU,SM,jury,6,4,1.5
RU,ME,jury,3,2,1.5
SE,IS,jury,9,6,1.5
CZ,MD,jury,9,6,1.5
FI,MD,jury,9,6,1.5
HU,EE,jury,6,4,1.5
IL,MK,jury,9,6,1.5
PL,IE,jury,6,4,1.5
RS,AL,jury,9,6,1.5
BG,RO,jury,3,2,1.5
LV,RO,jury,6,4,1.5
SI,RO,jury,6,4,1.5
RO,HU,jury,3,2,1.5
HR,NO,jury,12,8,1.5
MD,BY,jury,3,2,1.5
AL,IS,jury,9,6,1.5
SE,SI,jury,9,6,1.5
RO,RS,jury,9,6,1.5
HU,CH,jury,3,2,1.5
BY,SM,jury,3,2,1.5
RU,DK,jury,3,2,1.5
HU,SI,jury,3,2,1.5
BY,FI,jury,3,2,1.5
RU,CH,jury,3,2,1.5
LU,PT,jury,3,2,1.5
DE,LU,jury,3,2,1.5
GR,LU,jury,3,2,1.5
LV,LU,jury,3,2,1.5
LU,EE,jury,3,2,1.5
MT,PL,public,9,6,1.5
RU,BE,public,3,2,1.5
UA,NL,public,9,6,1.5
NO,AT,public,12,8,1.5
IS,AZ,public,9,6,1.5
GE,HU,public,6,4,1.5
BY,GE,public,3,2,1.5
RU,GE,public,3,2,1.5
GE,HR,public,6,4,1.5
MD,HR,public,9,6,1.5
UA,GB,public,12,8,1.5
BG,CZ,public,6,4,1.5
CZ,GR,public,12,8,1.5
IL,IE,public,9,6,1.5
GE,DK,public,9,6,1.5
BY,CH,public,6,4,1.5
IL,PT,public,12,8,1.5
RS,PT,public,12,8,1.5
GR,RO,public,3,2,1.5
FR,BY,public,3,2,1.5
NL,BY,public,3,2,1.5
SE,AL,public,9,6,1.5
RO,MK,public,6,4,1.5
RO,LT,public,9,6,1.5
RS,SM,public,9,6,1.5
SM,SI,public,6,4,1.5
LU,IT,public,3,2,1.5
PL,FR,jury,13,9,1.44
IE,LT,jury,13,9,1.44
IE,IT,jury,13,9,1.44
LV,IT,jury,13,9,1.44
FR,ES,jury,13,9,1.44
IE,ES,jury,13,9,1.44
GE,GB,jury,13,9,1.44
AU,DE,jury,13,9,1.44
AT,EE,jury,13,9,1.44
GE,NO,jury,13,9,1.44
AT,FR,public,13,9,1.44
MT,FR,public,13,9,1.44
EE,IL,public,13,9,1.44
IL,ES,public,13,9,1.44
DK,DE,public,13,9,1.44
NL,DE,public,13,9,1.44
CY,FI,public,13,9,1.44
MT,AT,jury,10,7,1.43
CZ,RS,jury,10,7,1.43
GE,RS,jury,10,7,1.43
DK,CY,jury,10,7,1.43
IT,CY,jury,10,7,1.43
LV,CZ,jury,10,7,1.43
AU,SI,jury,10,7,1.43
CH,DK,jury,10,7,1.43
DE,PT,jury,10,7,1.43
SI,PL,public,10,7,1.43
FI,LT,public,10,7,1.43
CZ,BE,public,10,7,1.43
SI,NL,public,10,7,1.43
PL,GE,public,10,7,1.43
AT,CY,public,10,7,1.43
CH,CY,public,10,7,1.43
GE,CH,public,10,7,1.43
HR,LV,jury,7,5,1.4
CY,GE,jury,7,5,1.4
IS,GE,jury,7,5,1.4
FI,SM,jury,7,5,1.4
DE,DK,jury,7,5,1.4
PL,MD,jury,7,5,1.4
RO,SM,jury,7,5,1.4
FR,SI,jury,7,5,1.4
AU,LV,public,7,5,1.4
MT,CZ,public,7,5,1.4
MD,IS,public,7,5,1.4
RS,IE,public,7,5,1.4
IE,DK,public,7,5,1.4
RO,PT,public,7,5,1.4
ME,NO,public,7,5,1.4
MD,DK,public,7,5,1.4
RO,IE,public,7,5,1.4
MT,AL,public,7,5,1.4
HR,AM,jury,11,8,1.38
LV,IL,jury,11,8,1.38
DK,RS,jury,11,8,1.38
DE,RS,jury,11,8,1.38
GB,CY,jury,11,8,1.38
LT,HR,jury,11,8,1.38
SM,FI,jury,11,8,1.38
HR,AM,public,11,8,1.38
SM,LT,public,11,8,1.38
AM,AU,jury,8,6,1.33
ME,BG,jury,4,3,1.33
SM,IL,jury,12,9,1.33
LT,HU,jury,4,3,1.33
MD,HU,jury,4,3,1.33
HR,ES,jury,12,9,1.33
ME,ES,jury,8,6,1.33
NL,ES,jury,12,9,1.33
CH,ES,jury,12,9,1.33
RU,HR,jury,4,3,1.33
AZ,GB,jury,12,9,1.33
SI,GB,jury,12,9,1.33
AT,DE,jury,12,9,1.33
GE,DE,jury,12,9,1.33
HU,FI,jury,4,3,1.33
HU,GR,jury,4,3,1.33
PL,BY,jury,4,3,1.33
RS,BY,jury,4,3,1.33
BY,SI,jury,4,3,1.33
IE,SI,jury,8,6,1.33
RO,GB,jury,8,6,1.33
MD,AL,jury,8,6,1.33
PT,MT,jury,4,3,1.33
DK,FR,public,12,9,1.33
PL,AM,public,8,6,1.33
AL,PL,public,8,6,1.33
HR,LT,public,12,9,1.33
AT,BE,public,8,6,1.33
GE,BE,public,8,6,1.33
DK,MT,public,8,6,1.33
BY,AT,public,4,3,1.33
ME,IL,public,8,6,1.33
NO,LV,public,8,6,1.33
CZ,IT,public,12,9,1.33
IE,IT,public,12,9,1.33
UA,CY,public,8,6,1.33
AZ,ES,public,12,9,1.33
BE,ES,public,12,9,1.33
CY,ES,public,12,9,1.33
ME,ES,public,8,6,1.33
RS,ES,public,12,9,1.33
BY,HR,public,4,3,1.33
BE,HR,public,8,6,1.33
CY,HR,public,8,6,1.33
AL,DE,public,12,9,1.33
HR,IS,public,8,6,1.33
BY,IE,public,4,3,1.33
NO,IE,public,8,6,1.33
AL,RO,public,4,3,1.33
RO,ES,public,8,6,1.33
CZ,AL,public,8,6,1.33
FI,AL,public,8,6,1.33
ES,AL,public,8,6,1.33
SM,MK,public,4,3,1.33
EE,PL,jury,9,7,1.29
IS,LT,jury,9,7,1.29
MD,LT,jury,9,7,1.29
CY,IS,jury,9,7,1.29
GR,IS,jury,9,7,1.29
NO,SI,jury,9,7,1.29
BE,GR,jury,9,7,1.29
AL,FI,jury,9,7,1.29
IT,AU,public,9,7,1.29
AM,LT,public,9,7,1.29
GR,BE,public,9,7,1.29
GB,NL,public,9,7,1.29
SM,AT,public,9,7,1.29
UA,AT,public,9,7,1.29
AL,RS,public,9,7,1.29
ES,RS,public,9,7,1.29
NL,CY,public,9,7,1.29
FR,GR,public,9,7,1.29
IT,RU,jury,5,4,1.25
MD,FR,jury,10,8,1.25
CH,AM,jury,10,8,1.25
GB,AM,jury,10,8,1.25
ME,LT,jury,5,4,1.25
RU,LT,jury,5,4,1.25
SI,IL,jury,10,8,1.25
IE,LV,jury,5,4,1.25
SM,HU,jury,5,4,1.25
HU,ES,jury,5,4,1.25
SM,HR,jury,5,4,1.25
HU,GB,jury,5,4,1.25
MD,GB,jury,10,8,1.25
IS,SM,jury,5,4,1.25
AT,GR,jury,10,8,1.25
LT,RO,jury,5,4,1.25
PL,FI,jury,10,8,1.25
SI,FI,jury,10,8,1.25
DK,EE,jury,10,8,1.25
BY,SE,public,5,4,1.25
AL,AM,public,10,8,1.25
ES,HU,public,5,4,1.25
DE,GE,public,5,4,1.25
BG,AL,public,5,4,1.25
SM,PT,public,10,8,1.25
LV,RO,public,5,4,1.25
GB,SM,public,5,4,1.25
MT,LT,jury,11,9,1.22
DK,ES,jury,11,9,1.22
ES,GB,jury,11,9,1.22
SM,DE,jury,11,9,1.22
IE,FR,public,11,9,1.22
DK,IT,public,11,9,1.22
GB,ES,public,11,9,1.22
IS,DE,public,11,9,1.22
AT,EE,public,11,9,1.22
GE,NO,public,11,9,1.22
LT,PL,jury,6,5,1.2
AZ,LV,jury,6,5,1.2
PL,AZ,jury,6,5,1.2
SE,GE,jury,6,5,1.2
BG,DE,jury,6,5,1.2
BG,DK,jury,6,5,1.2
IL,DK,jury,6,5,1.2
GE,MD,jury,6,5,1.2
MK,MD,jury,6,5,1.2
UA,MD,jury,6,5,1.2
MD,DK,jury,6,5,1.2
BG,SE,public,6,5,1.2
AZ,PL,public,6,5,1.2
FI,LV,public,6,5,1.2
SM,LV,public,6,5,1.2
DE,AZ,public,6,5,1.2
DE,MK,public,6,5,1.2
SE,RO,public,6,5,1.2
UA,PL,jury,7,6,1.17
SE,LV,jury,7,6,1.17
ME,GB,jury,7,6,1.17
IL,SI,jury,7,6,1.17
ES,AL,jury,7,6,1.17
MD,SI,jury,7,6,1.17
GE,AU,public,7,6,1.17
MK,AU,public,7,6,1.17
CH,AU,public,7,6,1.17
IL,MK,public,7,6,1.17
PT,AM,public,7,6,1.17
PT,CZ,public,7,6,1.17
UA,AT,jury,8,7,1.14
IS,CY,jury,8,7,1.14
AL,HR,jury,8,7,1.14
CH,HR,jury,8,7,1.14
AL,SI,jury,8,7,1.14
LV,SI,jury,8,7,1.14
AL,EE,jury,8,7,1.14
SE,AM,public,8,7,1.14
ES,LT,public,8,7,1.14
IL,NL,public,8,7,1.14
DE,MT,public,8,7,1.14
DK,LV,public,8,7,1.14
BE,RS,public,8,7,1.14
FR,CY,public,8,7,1.14
DE,IE,public,8,7,1.14
MT,PT,public,8,7,1.14
IE,AM,jury,9,8,1.12
FR,RS,jury,9,8,1.12
HR,EE,jury,9,8,1.12
CZ,NO,jury,9,8,1.12
PT,NO,jury,9,8,1.12
FR,FI,public,9,8,1.12
AT,LT,jury,10,9,1.11
CZ,ES,jury,10,9,1.11
LT,GB,jury,10,9,1.11
EE,DE,jury,10,9,1.11
GR,DE,jury,10,9,1.11
IS,DE,jury,10,9,1.11
PL,NO,jury,10,9,1.11
NL,ES,public,10,9,1.11
SM,ES,public,10,9,1.11
IL,GB,public,10,9,1.11
FI,DE,public,10,9,1.11
LT,DE,public,10,9,1.11
BG,UA,jury,5,5,1.0
CY,UA,jury,8,8,1.0
FI,UA,jury,8,8,1.0
GR,UA,jury,8,8,1.0
AU,AM,jury,6,6,1.0
DK,AM,jury,7,7,1.0
DE,AM,jury,7,7,1.0
NO,PL,jury,6,6,1.0
RU,PL,jury,2,2,1.0
ES,PL,jury,7,7,1.0
BA,NL,jury,1,1,1.0
GE,MT,jury,6,6,1.0
EE,IL,jury,9,9,1.0
AM,LV,jury,6,6,1.0
BG,LV,jury,3,3,1.0
MT,LV,jury,5,5,1.0
RU,LV,jury,3,3,1.0
DK,IT,jury,9,9,1.0
DK,AZ,jury,5,5,1.0
AT,RS,jury,8,8,1.0
DK,HU,jury,3,3,1.0
MT,HU,jury,3,3,1.0
NL,HU,jury,3,3,1.0
AU,GE,jury,6,6,1.0
CZ,GE,jury,6,6,1.0
HU,GE,jury,3,3,1.0
MD,GE,jury,5,5,1.0
SM,GE,jury,6,6,1.0
SI,GE,jury,5,5,1.0
RS,CY,jury,8,8,1.0
LV,HR,jury,6,6,1.0
NL,GB,jury,9,9,1.0
DE,CZ,jury,5,5,1.0
LV,DE,jury,9,9,1.0
RU,DE,jury,4,4,1.0
AM,BA,jury,1,1,1.0
MD,BA,jury,1,1,1.0
CY,ME,jury,4,4,1.0
AM,IS,jury,6,6,1.0
HU,IS,jury,2,2,1.0
HR,FI,jury,7,7,1.0
ES,FI,jury,9,9,1.0
UA,MK,jury,3,3,1.0
BE,BY,jury,4,4,1.0
GE,BY,jury,3,3,1.0
LV,BY,jury,3,3,1.0
GB,BY,jury,4,4,1.0
BE,SI,jury,7,7,1.0
IT,SI,jury,8,8,1.0
BY,CH,jury,4,4,1.0
AL,RO,jury,3,3,1.0
EE,RO,jury,2,2,1.0
NL,RO,jury,5,5,1.0
PL,RO,jury,3,3,1.0
IS,BY,jury,3,3,1.0
DE,GR,jury,6,6,1.0
SM,DK,jury,5,5,1.0
GE,FI,jury,8,8,1.0
BG,SM,jury,2,2,1.0
SE,IE,jury,5,5,1.0
MT,SI,jury,5,5,1.0
NO,IS,jury,4,4,1.0
LU,AM,jury,2,2,1.0
AU,LU,jury,2,2,1.0
AT,AU,public,6,6,1.0
BY,FR,public,4,4,1.0
LV,FR,public,9,9,1.0
AU,AM,public,6,6,1.0
HU,AM,public,2,2,1.0
LV,AM,public,7,7,1.0
ME,PL,public,6,6,1.0
SI,LT,public,7,7,1.0
MT,BE,public,5,5,1.0
SM,BE,public,6,6,1.0
AU,NL,public,7,7,1.0
CZ,NL,public,7,7,1.0
GR,MT,public,4,4,1.0
HU,MT,public,4,4,1.0
ME,MT,public,5,5,1.0
SI,MT,public,5,5,1.0
LV,AT,public,9,9,1.0
MD,LV,public,7,7,1.0
BG,AZ,public,5,5,1.0
AM,RS,public,6,6,1.0
BY,RS,public,4,4,1.0
HU,RS,public,4,4,1.0
GB,RS,public,7,7,1.0
AU,HU,public,4,4,1.0
BG,GE,public,2,2,1.0
LV,CY,public,7,7,1.0
NO,CY,public,7,7,1.0
AM,ES,public,8,8,1.0
MD,ES,public,8,8,1.0
DK,GB,public,9,9,1.0
ES,GB,public,9,9,1.0
DK,CZ,public,6,6,1.0
RU,CZ,public,3,3,1.0
AM,BA,public,1,1,1.0
AT,SM,public,5,5,1.0
AM,FI,public,7,7,1.0
RU,GR,public,3,3,1.0
RU,EE,public,3,3,1.0
AU,MK,public,4,4,1.0
IT,MK,public,3,3,1.0
UA,SI,public,6,6,1.0
GE,IE,public,4,4,1.0
LV,IE,public,4,4,1.0
RO,AT,public,4,4,1.0
HR,BY,public,3,3,1.0
FI,BY,public,3,3,1.0
GR,BY,public,3,3,1.0
HU,BY,public,2,2,1.0
IL,GR,public,7,7,1.0
ES,DK,public,5,5,1.0
PT,DE,public,8,8,1.0
IL,SM,public,5,5,1.0
CY,IE,public,4,4,1.0
LU,CH,public,2,2,1.0
LU,SE,public,2,2,1.0
LV,ES,jury,8,9,0.89
CY,GB,jury,8,9,0.89
AL,NO,jury,8,9,0.89
FR,SE,public,8,9,0.89
AU,ES,public,8,9,0.89
IE,ES,public,8,9,0.89
AT,GB,public,8,9,0.89
AZ,GB,public,8,9,0.89
NL,GB,public,8,9,0.89
IE,DE,public,8,9,0.89
LT,AM,jury,7,8,0.88
RS,PL,jury,7,8,0.88
AZ,FI,jury,7,8,0.88
FI,NO,jury,7,8,0.88
DE,CY,public,7,8,0.88
BE,AM,jury,6,7,0.86
IT,LV,jury,6,7,0.86
LV,CY,jury,6,7,0.86
LT,CY,jury,6,7,0.86
BE,AL,jury,6,7,0.86
LT,GR,jury,6,7,0.86
DE,AM,public,6,7,0.86
IS,AM,public,6,7,0.86
GE,NL,public,6,7,0.86
GE,AT,public,6,7,0.86
AZ,RS,public,6,7,0.86
GB,AL,public,6,7,0.86
NL,PL,jury,5,6,0.83
HR,BE,jury,5,6,0.83
AT,LV,jury,5,6,0.83
AM,RS,jury,5,6,0.83
NO,IE,jury,5,6,0.83
PL,DK,jury,5,6,0.83
DK,MD,jury,5,6,0.83
CH,MD,jury,5,6,0.83
IS,DK,jury,5,6,0.83
RO,DE,jury,5,6,0.83
AM,AL,jury,5,6,0.83
GR,SI,jury,5,6,0.83
IS,SI,jury,5,6,0.83
LT,FI,jury,5,6,0.83
ME,FR,public,5,6,0.83
MK,LT,public,5,6,0.83
HR,BE,public,5,6,0.83
EE,MT,public,5,6,0.83
BE,AZ,public,5,6,0.83
GR,AZ,public,5,6,0.83
GE,SI,public,5,6,0.83
DE,SI,public,5,6,0.83
RS,AL,public,5,6,0.83
AM,AL,public,5,6,0.83
AL,IS,public,5,6,0.83
AZ,SI,public,5,6,0.83
GR,SI,public,5,6,0.83
IS,SI,public,5,6,0.83
MD,BE,jury,4,5,0.8
RS,LV,jury,4,5,0.8
ES,LV,jury,4,5,0.8
ME,IS,jury,4,5,0.8
IE,DK,jury,4,5,0.8
NO,RO,jury,4,5,0.8
PT,HR,jury,4,5,0.8
HR,PL,public,4,5,0.8
BG,NL,public,4,5,0.8
ES,MT,public,4,5,0.8
AZ,LV,public,4,5,0.8
RS,AZ,public,4,5,0.8
EE,GE,public,4,5,0.8
FR,GE,public,4,5,0.8
NO,CZ,public,4,5,0.8
MK,GR,public,4,5,0.8
SE,IE,public,4,5,0.8
FR,SI,public,4,5,0.8
IL,IS,public,4,5,0.8
GB,IT,jury,7,9,0.78
IL,ES,jury,7,9,0.78
RS,ES,jury,7,9,0.78
RS,GB,jury,7,9,0.78
GB,FR,public,7,9,0.78
AT,LT,public,7,9,0.78
AL,ES,public,7,9,0.78
HR,ES,public,7,9,0.78
MT,ES,public,7,9,0.78
AL,GB,public,7,9,0.78
DE,GB,public,7,9,0.78
IS,GB,public,7,9,0.78
SM,GB,public,7,9,0.78
AT,UA,jury,6,8,0.75
AZ,LT,jury,6,8,0.75
MK,AT,jury,3,4,0.75
NL,RS,jury,6,8,0.75
NO,RS,jury,6,8,0.75
GE,HU,jury,3,4,0.75
MT,GE,jury,3,4,0.75
GE,HR,jury,3,4,0.75
AM,GB,jury,6,8,0.75
AM,DE,jury,6,8,0.75
LT,BY,jury,3,4,0.75
HR,RO,jury,3,4,0.75
PT,GE,jury,3,4,0.75
CY,IE,jury,3,4,0.75
DE,IS,jury,3,4,0.75
HU,FR,public,3,4,0.75
ME,AM,public,3,4,0.75
CH,AM,public,6,8,0.75
AZ,LT,public,6,8,0.75
FR,LT,public,6,8,0.75
IT,AT,public,6,8,0.75
ME,AT,public,3,4,0.75
BE,LV,public,3,4,0.75
FI,ME,public,3,4,0.75
MK,RO,public,3,4,0.75
PT,GB,public,6,8,0.75
ME,DK,public,3,4,0.75
RO,AL,public,3,4,0.75
SI,SM,public,3,4,0.75
EE,AM,jury,5,7,0.71
BE,LT,jury,5,7,0.71
LV,RS,jury,5,7,0.71
LT,SI,jury,5,7,0.71
CH,AL,jury,5,7,0.71
GB,GR,jury,5,7,0.71
HR,AU,public,5,7,0.71
DK,AM,public,5,7,0.71
FI,AM,public,5,7,0.71
NO,AM,public,5,7,0.71
GR,PL,public,5,7,0.71
GR,LT,public,5,7,0.71
GE,CZ,public,5,7,0.71
LV,CZ,public,5,7,0.71
MT,MD,public,5,7,0.71
AU,SI,public,5,7,0.71
BE,SI,public,5,7,0.71
GE,AL,public,5,7,0.71
AL,DK,public,5,7,0.71
CZ,RU,jury,2,3,0.67
AL,PL,jury,4,6,0.67
DE,PL,jury,4,6,0.67
ME,PL,jury,4,6,0.67
GR,LV,jury,4,6,0.67
IS,LV,jury,4,6,0.67
NO,HU,jury,2,3,0.67
NO,GE,jury,2,3,0.67
AT,ES,jury,6,9,0.67
IS,ES,jury,6,9,0.67
PL,ES,jury,6,9,0.67
AL,DE,jury,6,9,0.67
EE,SM,jury,4,6,0.67
RU,IS,jury,2,3,0.67
ME,FI,jury,4,6,0.67
DE,BY,jury,2,3,0.67
MK,NO,jury,4,6,0.67
GB,NO,jury,6,9,0.67
DK,SI,jury,4,6,0.67
BY,IE,jury,2,3,0.67
BG,IE,jury,2,3,0.67
IL,AL,jury,4,6,0.67
SI,DK,jury,4,6,0.67
DE,MD,jury,4,6,0.67
AM,RO,jury,2,3,0.67
RO,NO,jury,4,6,0.67
RO,FR,jury,4,6,0.67
AM,BY,jury,2,3,0.67
PT,PL,jury,4,6,0.67
ME,SI,jury,2,3,0.67
BG,FI,jury,2,3,0.67
AM,AU,public,4,6,0.67
CZ,FR,public,6,9,0.67
CH,AZ,public,4,6,0.67
CZ,ES,public,6,9,0.67
FI,ES,public,6,9,0.67
GE,ES,public,6,9,0.67
LT,ES,public,6,9,0.67
PL,ES,public,6,9,0.67
CY,GB,public,6,9,0.67
IT,GB,public,6,9,0.67
NO,GB,public,6,9,0.67
SE,GB,public,6,9,0.67
HR,DE,public,6,9,0.67
NO,DE,public,6,9,0.67
PL,DE,public,6,9,0.67
ES,DE,public,6,9,0.67
NL,SM,public,4,6,0.67
IS,ME,public,2,3,0.67
GE,MK,public,2,3,0.67
AU,BY,public,2,3,0.67
SI,BY,public,2,3,0.67
AM,RO,public,2,3,0.67
PT,HU,public,2,3,0.67
RO,DE,public,4,6,0.67
AM,IE,public,2,3,0.67
MD,IE,public,2,3,0.67
CZ,MK,public,2,3,0.67
MD,AT,jury,5,8,0.62
LV,AL,jury,5,8,0.62
IE,RS,public,5,8,0.62
AM,DE,public,5,8,0.62
UA,DE,public,5,8,0.62
IS,GR,public,5,8,0.62
ES,GR,public,5,8,0.62
IT,SI,public,5,8,0.62
CH,EE,public,5,8,0.62
AM,PL,jury,3,5,0.6
EE,GE,jury,3,5,0.6
AZ,SM,jury,3,5,0.6
CY,SM,jury,3,5,0.6
ES,SM,jury,3,5,0.6
IL,MD,jury,3,5,0.6
SE,RO,jury,3,5,0.6
RO,IE,jury,3,5,0.6
EE,AL,jury,3,5,0.6
MD,BE,public,3,5,0.6
DE,LV,public,3,5,0.6
AU,AZ,public,3,5,0.6
BG,GB,public,3,5,0.6
IT,IE,public,3,5,0.6
BG,DK,public,3,5,0.6
HR,DK,public,3,5,0.6
ES,SI,public,3,5,0.6
SE,RS,jury,4,7,0.57
GE,AL,jury,4,7,0.57
IE,GR,jury,4,7,0.57
NO,EE,jury,4,7,0.57
MT,AM,public,4,7,0.57
LV,SI,public,4,7,0.57
AU,AL,public,4,7,0.57
PL,AL,public,4,7,0.57
AZ,FR,jury,5,9,0.56
GE,ES,jury,5,9,0.56
GR,ES,jury,5,9,0.56
LT,ES,jury,5,9,0.56
FI,DE,jury,5,9,0.56
CH,LT,public,5,9,0.56
GB,IT,public,5,9,0.56
EE,GB,public,5,9,0.56
GR,GB,public,5,9,0.56
CH,GB,public,5,9,0.56
EE,DE,public,5,9,0.56
GR,DE,public,5,9,0.56
LV,DE,public,5,9,0.56
RS,DE,public,5,9,0.56
SE,DE,public,5,9,0.56
IT,PL,jury,3,6,0.5
BY,HU,jury,2,4,0.5
BE,HU,jury,2,4,0.5
FI,GE,jury,3,6,0.5
MK,GE,jury,1,2,0.5
RS,GE,jury,3,6,0.5
HU,CY,jury,2,4,0.5
MD,DE,jury,4,8,0.5
MK,DE,jury,3,6,0.5
CZ,ME,jury,2,4,0.5
NL,EE,jury,4,8,0.5
IE,BY,jury,2,4,0.5
CH,BY,jury,2,4,0.5
DE,SI,jury,3,6,0.5
SI,AL,jury,4,8,0.5
SM,BY,jury,1,2,0.5
RO,GR,jury,2,4,0.5
FR,DK,jury,3,6,0.5
SE,AL,jury,3,6,0.5
CH,SM,jury,2,4,0.5
RO,LV,jury,1,2,0.5
LV,SM,jury,2,4,0.5
LU,IL,jury,1,2,0.5
AT,LU,jury,1,2,0.5
DK,LU,jury,1,2,0.5
LT,AM,public,4,8,0.5
RS,AM,public,3,6,0.5
ME,LT,public,2,4,0.5
ME,NL,public,3,6,0.5
IE,AZ,public,3,6,0.5
EE,RS,public,4,8,0.5
NL,RS,public,4,8,0.5
NO,RS,public,4,8,0.5
FR,CZ,public,3,6,0.5
CH,CZ,public,3,6,0.5
MD,DE,public,4,8,0.5
AM,ME,public,1,2,0.5
AM,IS,public,3,6,0.5
AZ,GR,public,4,8,0.5
IE,BY,public,2,4,0.5
DK,SI,public,3,6,0.5
SI,IE,public,2,4,0.5
SI,RO,public,2,4,0.5
RO,GB,public,3,6,0.5
MD,BY,public,1,2,0.5
RO,BY,public,1,2,0.5
DK,GR,public,3,6,0.5
SE,SI,public,3,6,0.5
NL,SI,public,3,6,0.5
RO,SI,public,2,4,0.5
BE,SM,public,2,4,0.5
LU,DE,public,1,2,0.5
BE,LU,public,1,2,0.5
LU,LV,public,1,2,0.5
AZ,DE,jury,4,9,0.44
GR,FI,jury,4,9,0.44
LV,ES,public,4,9,0.44
SI,ES,public,4,9,0.44
FI,GB,public,4,9,0.44
GE,GB,public,4,9,0.44
LT,GB,public,4,9,0.44
CZ,DE,public,4,9,0.44
MT,DE,public,4,9,0.44
SM,DE,public,4,9,0.44
SI,DE,public,4,9,0.44
LV,PL,jury,3,7,0.43
CY,LT,jury,3,7,0.43
UA,RS,jury,3,7,0.43
MD,FI,jury,3,7,0.43
AL,DK,jury,3,7,0.43
PT,IL,jury,3,7,0.43
RS,NL,public,3,7,0.43
RS,MT,public,3,7,0.43
DK,CY,public,3,7,0.43
SE,GR,public,3,7,0.43
AL,SI,public,3,7,0.43
NO,SI,public,3,7,0.43
PT,AL,public,3,7,0.43
IT,BG,jury,2,5,0.4
BG,SE,jury,2,5,0.4
MK,AM,jury,2,5,0.4
FR,GE,jury,2,5,0.4
ME,GE,jury,2,5,0.4
CZ,SM,jury,2,5,0.4
LT,MK,jury,2,5,0.4
RS,IE,jury,2,5,0.4
IT,RO,jury,2,5,0.4
IL,SM,jury,2,5,0.4
AT,MT,public,2,5,0.4
LV,MT,public,2,5,0.4
ES,LV,public,2,5,0.4
PL,AZ,public,2,5,0.4
MD,GE,public,2,5,0.4
HR,SM,public,2,5,0.4
LT,MK,public,2,5,0.4
DK,SM,public,2,5,0.4
RO,SM,public,2,5,0.4
AT,SI,public,2,5,0.4
FR,LT,jury,3,8,0.38
MT,RS,jury,3,8,0.38
RS,LT,public,3,8,0.38
MD,GB,public,3,8,0.38
HR,GR,public,3,8,0.38
SE,PL,jury,2,6,0.33
CH,AZ,jury,2,6,0.33
AL,HU,jury,1,3,0.33
DE,HU,jury,1,3,0.33
IE,GE,jury,1,3,0.33
UA,CY,jury,2,6,0.33
SI,ES,jury,3,9,0.33
BG,SI,jury,1,3,0.33
IL,IE,jury,2,6,0.33
IE,AL,jury,2,6,0.33
FR,RO,jury,1,3,0.33
RS,RO,jury,1,3,0.33
PT,CY,jury,2,6,0.33
SI,ME,jury,1,3,0.33
FR,IE,jury,1,3,0.33
SM,MK,jury,1,3,0.33
RS,SM,jury,2,6,0.33
NL,AL,jury,2,6,0.33
RU,LV,public,1,3,0.33
GB,HU,public,1,3,0.33
FI,GE,public,2,6,0.33
RS,GE,public,2,6,0.33
IS,ES,public,3,9,0.33
SE,ES,public,3,9,0.33
BE,GB,public,3,9,0.33
LV,GB,public,3,9,0.33
PL,GB,public,3,9,0.33
IT,CZ,public,2,6,0.33
AZ,DE,public,3,9,0.33
CY,DE,public,3,9,0.33
IT,DE,public,3,9,0.33
GB,DE,public,3,9,0.33
HU,FI,public,1,3,0.33
HU,GR,public,1,3,0.33
DK,MK,public,1,3,0.33
DK,BY,public,1,3,0.33
IT,BY,public,1,3,0.33
AT,BY,public,1,3,0.33
PL,GR,public,2,6,0.33
FR,IE,public,1,3,0.33
ES,LT,jury,2,7,0.29
AT,CY,jury,2,7,0.29
AZ,IS,jury,2,7,0.29
AT,MD,jury,2,7,0.29
CZ,LT,public,2,7,0.29
LV,RS,public,2,7,0.29
AL,CZ,public,2,7,0.29
MT,GR,public,2,7,0.29
NO,AL,public,2,7,0.29
ES,UA,jury,2,8,0.25
PL,RU,jury,1,4,0.25
RS,RU,jury,1,4,0.25
RU,NL,jury,1,4,0.25
FI,HU,jury,1,4,0.25
AL,GE,jury,1,4,0.25
RU,ES,jury,1,4,0.25
ES,ME,jury,1,4,0.25
SI,IE,jury,1,4,0.25
ES,NO,jury,2,8,0.25
RO,PL,jury,1,4,0.25
PT,DE,jury,2,8,0.25
BE,HU,public,1,4,0.25
DK,GE,public,1,4,0.25
HU,DE,public,1,4,0.25
ES,ME,public,1,4,0.25
SE,ME,public,1,4,0.25
FI,GR,public,2,8,0.25
NO,MK,public,1,4,0.25
RO,GR,public,1,4,0.25
RO,PL,public,1,4,0.25
EE,ES,jury,2,9,0.22
HR,GB,jury,2,9,0.22
GB,DE,jury,2,9,0.22
DK,ES,public,2,9,0.22
DE,ES,public,2,9,0.22
CZ,GB,public,2,9,0.22
FR,GB,public,2,9,0.22
AU,DE,public,2,9,0.22
BE,DE,public,2,9,0.22
GE,DE,public,2,9,0.22
CZ,LV,jury,1,5,0.2
AT,SM,jury,1,5,0.2
BE,DK,jury,1,5,0.2
BE,MD,jury,1,5,0.2
AU,SM,jury,1,5,0.2
GE,SM,jury,1,5,0.2
CZ,MT,public,1,5,0.2
SI,GE,public,1,5,0.2
GB,GE,public,1,5,0.2
UA,GR,public,1,5,0.2
AM,DK,public,1,5,0.2
MD,PL,jury,1,6,0.17
BE,HR,jury,1,6,0.17
FR,MD,jury,1,6,0.17
GB,SI,jury,1,6,0.17
MK,IE,jury,1,6,0.17
LT,MD,jury,1,6,0.17
DE,FI,jury,1,6,0.17
IS,LV,public,1,6,0.17
NL,LV,public,1,6,0.17
EE,AZ,public,1,6,0.17
ES,AZ,public,1,6,0.17
AU,GE,public,1,6,0.17
SM,GE,public,1,6,0.17
MK,IE,public,1,6,0.17
IE,AL,public,1,6,0.17
LV,GR,public,1,6,0.17
GR,DK,public,1,6,0.17
DE,SM,public,1,6,0.17
DK,PL,jury,1,7,0.14
AL,LV,jury,1,7,0.14
NO,HR,jury,1,7,0.14
AL,CZ,jury,1,7,0.14
LT,AL,jury,1,7,0.14
EE,AM,public,1,7,0.14
IS,RS,public,1,7,0.14
CY,IS,public,1,7,0.14
AL,LT,jury,1,8,0.12
IL,RS,jury,1,8,0.12
LT,RS,jury,1,8,0.12
GR,NO,jury,1,8,0.12
RS,PL,public,1,8,0.12
UA,ES,public,1,8,0.12
AM,GB,public,1,8,0.12
FI,ES,jury,1,9,0.11
GR,GB,jury,1,9,0.11
SE,DE,jury,1,9,0.11
FR,EE,jury,1,9,0.11
AT,ES,public,1,9,0.11
EE,ES,public,1,9,0.11
IT,ES,public,1,9,0.11
NO,ES,public,1,9,0.11
HU,UA,jury,0,3,0.0
GE,RU,jury,0,4,0.0
UA,RU,jury,0,3,0.0
BA,SE,jury,0,1,0.0
BY,FR,jury,0,4,0.0
HU,FR,jury,0,4,0.0
AZ,AM,jury,0,8,0.0
AT,PL,jury,0,6,0.0
BA,PL,jury,0,1,0.0
HR,PL,jury,0,5,0.0
IS,PL,jury,0,7,0.0
IE,PL,jury,0,5,0.0
CH,PL,jury,0,6,0.0
AM,LT,jury,0,7,0.0
BA,LT,jury,0,1,0.0
GR,LT,jury,0,7,0.0
BA,BE,jury,0,1,0.0
HU,BE,jury,0,3,0.0
MT,BE,jury,0,5,0.0
AZ,AT,jury,0,7,0.0
BA,AT,jury,0,1,0.0
RU,AT,jury,0,3,0.0
BA,IL,jury,0,1,0.0
ME,IL,jury,0,6,0.0
BY,LV,jury,0,1,0.0
BA,LV,jury,0,1,0.0
CY,LV,jury,0,4,0.0
FI,LV,jury,0,5,0.0
ME,LV,jury,0,4,0.0
BA,IT,jury,0,1,0.0
AM,AZ,jury,0,5,0.0
MD,RS,jury,0,7,0.0
AM,HU,jury,0,3,0.0
BG,HU,jury,0,3,0.0
IE,HU,jury,0,3,0.0
IT,HU,jury,0,3,0.0
LV,HU,jury,0,3,0.0
SE,HU,jury,0,3,0.0
GB,HU,jury,0,3,0.0
AT,GE,jury,0,3,0.0
BA,GE,jury,0,1,0.0
HR,GE,jury,0,2,0.0
DK,GE,jury,0,4,0.0
NL,GE,jury,0,3,0.0
ES,GE,jury,0,6,0.0
CH,GE,jury,0,3,0.0
BA,CY,jury,0,1,0.0
BY,ES,jury,0,4,0.0
BA,ES,jury,0,1,0.0
UA,ES,jury,0,8,0.0
ES,HR,jury,0,5,0.0
BY,GB,jury,0,4,0.0
BA,GB,jury,0,1,0.0
DK,CZ,jury,0,6,0.0
BY,DE,jury,0,4,0.0
BA,DE,jury,0,1,0.0
HR,DE,jury,0,9,0.0
CY,DE,jury,0,9,0.0
HU,DE,jury,0,4,0.0
MT,DE,jury,0,9,0.0
ME,DE,jury,0,6,0.0
SI,DE,jury,0,9,0.0
AT,BA,jury,0,1,0.0
CY,BA,jury,0,1,0.0
EE,BA,jury,0,1,0.0
FI,BA,jury,0,1,0.0
FR,BA,jury,0,1,0.0
GR,BA,jury,0,1,0.0
HU,BA,jury,0,1,0.0
IS,BA,jury,0,1,0.0
MT,BA,jury,0,1,0.0
NL,BA,jury,0,1,0.0
RU,BA,jury,0,1,0.0
ES,BA,jury,0,1,0.0
SE,BA,jury,0,1,0.0
AM,SM,jury,0,3,0.0
HR,SM,jury,0,5,0.0
HU,SM,jury,0,4,0.0
NL,SM,jury,0,6,0.0
SE,SM,jury,0,6,0.0
AT,ME,jury,0,1,0.0
HR,ME,jury,0,1,0.0
EE,ME,jury,0,3,0.0
FI,ME,jury,0,4,0.0
FR,ME,jury,0,3,0.0
HU,ME,jury,0,3,0.0
IS,ME,jury,0,3,0.0
MD,ME,jury,0,3,0.0
NL,ME,jury,0,2,0.0
SE,ME,jury,0,4,0.0
BA,IS,jury,0,1,0.0
MT,IS,jury,0,5,0.0
BA,FI,jury,0,1,0.0
RU,FI,jury,0,3,0.0
BA,GR,jury,0,1,0.0
SE,GR,jury,0,7,0.0
BA,MD,jury,0,1,0.0
EE,MD,jury,0,6,0.0
HU,MD,jury,0,3,0.0
IS,MD,jury,0,6,0.0
BA,EE,jury,0,1,0.0
BE,MK,jury,0,5,0.0
BG,MK,jury,0,3,0.0
GE,MK,jury,0,3,0.0
DK,BY,jury,0,3,0.0
IT,BY,jury,0,3,0.0
MK,BY,jury,0,4,0.0
NO,BY,jury,0,3,0.0
CH,SI,jury,0,6,0.0
AL,IE,jury,0,4,0.0
GE,IE,jury,0,4,0.0
LV,IE,jury,0,4,0.0
AU,AL,jury,0,7,0.0
DE,AL,jury,0,6,0.0
NO,AL,jury,0,7,0.0
UA,AL,jury,0,6,0.0
BY,MD,jury,0,2,0.0
IE,MD,jury,0,6,0.0
AU,RO,jury,0,4,0.0
AT,RO,jury,0,3,0.0
BY,RO,jury,0,1,0.0
CZ,RO,jury,0,2,0.0
DK,RO,jury,0,4,0.0
FI,RO,jury,0,2,0.0
IS,RO,jury,0,2,0.0
PT,RO,jury,0,2,0.0
SM,RO,jury,0,3,0.0
CH,RO,jury,0,3,0.0
AZ,NO,jury,0,8,0.0
CY,NO,jury,0,8,0.0
CY,BY,jury,0,3,0.0
FI,BY,jury,0,3,0.0
ME,BY,jury,0,2,0.0
NL,BY,jury,0,2,0.0
RO,BY,jury,0,2,0.0
SE,BY,jury,0,2,0.0
RO,AM,jury,0,4,0.0
MK,GR,jury,0,5,0.0
AM,DK,jury,0,5,0.0
AZ,DK,jury,0,4,0.0
CY,DK,jury,0,4,0.0
GR,DK,jury,0,6,0.0
PT,DK,jury,0,6,0.0
ES,DK,jury,0,5,0.0
AL,ME,jury,0,1,0.0
AU,ME,jury,0,4,0.0
BE,ME,jury,0,3,0.0
GE,ME,jury,0,4,0.0
IT,ME,jury,0,2,0.0
LV,ME,jury,0,2,0.0
PL,ME,jury,0,4,0.0
PT,ME,jury,0,2,0.0
GB,ME,jury,0,2,0.0
AM,SI,jury,0,6,0.0
NL,IE,jury,0,5,0.0
EE,MK,jury,0,4,0.0
DE,SM,jury,0,6,0.0
IE,SM,jury,0,5,0.0
LT,SM,jury,0,4,0.0
MK,SM,jury,0,4,0.0
NO,SM,jury,0,5,0.0
UA,SM,jury,0,4,0.0
AM,IE,jury,0,3,0.0
GR,IE,jury,0,2,0.0
ME,IE,jury,0,2,0.0
RU,IE,jury,0,3,0.0
EE,SI,jury,0,4,0.0
RU,SI,jury,0,3,0.0
UA,FI,jury,0,6,0.0
RU,PT,jury,0,2,0.0
CY,MK,jury,0,4,0.0
ES,MK,jury,0,3,0.0
BG,IS,jury,0,3,0.0
IL,IS,jury,0,5,0.0
DK,ME,jury,0,1,0.0
DE,ME,jury,0,2,0.0
NO,ME,jury,0,1,0.0
SI,SM,jury,0,4,0.0
RO,GE,jury,0,2,0.0
SE,MK,jury,0,3,0.0
RO,IS,jury,0,3,0.0
PT,SM,jury,0,3,0.0
BY,ME,jury,0,1,0.0
IL,ME,jury,0,2,0.0
IE,ME,jury,0,1,0.0
LU,IE,jury,0,1,0.0
LU,IT,jury,0,2,0.0
LU,GR,jury,0,2,0.0
AM,LU,jury,0,2,0.0
BE,LU,jury,0,2,0.0
CZ,LU,jury,0,2,0.0
EE,LU,jury,0,2,0.0
GE,LU,jury,0,2,0.0
IS,LU,jury,0,2,0.0
IT,LU,jury,0,2,0.0
LT,LU,jury,0,2,0.0
NO,LU,jury,0,2,0.0
PL,LU,jury,0,2,0.0
PT,LU,jury,0,2,0.0
SM,LU,jury,0,2,0.0
RS,LU,jury,0,2,0.0
ES,LU,jury,0,2,0.0
CH,LU,jury,0,2,0.0
LU,LT,jury,0,2,0.0
LU,RS,jury,0,1,0.0
LU,FI,jury,0,2,0.0
LU,GE,jury,0,1,0.0
LU,ES,jury,0,2,0.0
LU,SI,jury,0,1,0.0
LU,NO,jury,0,2,0.0
LU,AL,jury,0,1,0.0
LU,PL,jury,0,1,0.0
LU,MT,jury,0,1,0.0
LU,DK,jury,0,1,0.0
LU,IS,jury,0,1,0.0
LU,SM,jury,0,1,0.0
RU,BG,public,0,3,0.0
BA,SE,public,0,1,0.0
AZ,AM,public,0,8,0.0
IE,AM,public,0,8,0.0
SI,AM,public,0,6,0.0
GB,AM,public,0,8,0.0
BA,PL,public,0,1,0.0
BA,LT,public,0,1,0.0
HU,LT,public,0,3,0.0
BA,BE,public,0,1,0.0
BA,NL,public,0,1,0.0
AL,MT,public,0,4,0.0
BY,MT,public,0,3,0.0
BG,MT,public,0,3,0.0
FI,MT,public,0,5,0.0
FR,MT,public,0,6,0.0
GE,MT,public,0,6,0.0
PL,MT,public,0,6,0.0
SM,MT,public,0,7,0.0
CH,MT,public,0,5,0.0
MK,AT,public,0,4,0.0
GB,AT,public,0,8,0.0
BA,IL,public,0,1,0.0
AL,LV,public,0,7,0.0
AM,LV,public,0,6,0.0
AT,LV,public,0,6,0.0
BA,LV,public,0,1,0.0
BG,LV,public,0,3,0.0
HR,LV,public,0,5,0.0
CY,LV,public,0,4,0.0
CZ,LV,public,0,5,0.0
FR,LV,public,0,6,0.0
GR,LV,public,0,6,0.0
HU,LV,public,0,2,0.0
IL,LV,public,0,3,0.0
IT,LV,public,0,7,0.0
MT,LV,public,0,5,0.0
ME,LV,public,0,4,0.0
RS,LV,public,0,5,0.0
SI,LV,public,0,6,0.0
SE,LV,public,0,6,0.0
CH,LV,public,0,6,0.0
BA,IT,public,0,1,0.0
AM,AZ,public,0,5,0.0
FI,AZ,public,0,6,0.0
FR,AZ,public,0,5,0.0
DK,RS,public,0,8,0.0
LT,RS,public,0,8,0.0
UA,RS,public,0,7,0.0
AL,GE,public,0,4,0.0
AT,GE,public,0,3,0.0
BE,GE,public,0,5,0.0
BA,GE,public,0,1,0.0
HR,GE,public,0,2,0.0
CZ,GE,public,0,6,0.0
HU,GE,public,0,3,0.0
IS,GE,public,0,5,0.0
IE,GE,public,0,3,0.0
MT,GE,public,0,4,0.0
ME,GE,public,0,5,0.0
NL,GE,public,0,3,0.0
MK,GE,public,0,2,0.0
NO,GE,public,0,3,0.0
ES,GE,public,0,6,0.0
SE,GE,public,0,5,0.0
CH,GE,public,0,3,0.0
BY,ES,public,0,4,0.0
BA,ES,public,0,1,0.0
HU,ES,public,0,4,0.0
RU,ES,public,0,4,0.0
BY,GB,public,0,4,0.0
BA,GB,public,0,1,0.0
HR,GB,public,0,9,0.0
HU,GB,public,0,4,0.0
ME,GB,public,0,6,0.0
MK,GB,public,0,6,0.0
RU,GB,public,0,4,0.0
RS,GB,public,0,9,0.0
SI,GB,public,0,9,0.0
BY,DE,public,0,4,0.0
BA,DE,public,0,1,0.0
BG,DE,public,0,5,0.0
FR,DE,public,0,9,0.0
ME,DE,public,0,6,0.0
MK,DE,public,0,6,0.0
RU,DE,public,0,4,0.0
CY,BA,public,0,1,0.0
EE,BA,public,0,1,0.0
FI,BA,public,0,1,0.0
GR,BA,public,0,1,0.0
HU,BA,public,0,1,0.0
IS,BA,public,0,1,0.0
MT,BA,public,0,1,0.0
MD,BA,public,0,1,0.0
RU,BA,public,0,1,0.0
ES,BA,public,0,1,0.0
AM,SM,public,0,3,0.0
BA,SM,public,0,1,0.0
FR,SM,public,0,6,0.0
RU,SM,public,0,4,0.0
SE,SM,public,0,6,0.0
AT,ME,public,0,1,0.0
CY,ME,public,0,4,0.0
CZ,ME,public,0,4,0.0
EE,ME,public,0,3,0.0
FR,ME,public,0,3,0.0
GR,ME,public,0,3,0.0
HU,ME,public,0,3,0.0
MT,ME,public,0,3,0.0
NL,ME,public,0,2,0.0
RU,ME,public,0,2,0.0
SM,ME,public,0,4,0.0
AZ,IS,public,0,7,0.0
BA,IS,public,0,1,0.0
BA,FI,public,0,1,0.0
ME,FI,public,0,6,0.0
AT,GR,public,0,8,0.0
BA,GR,public,0,1,0.0
EE,GR,public,0,8,0.0
BA,MD,public,0,1,0.0
BA,EE,public,0,1,0.0
BY,MK,public,0,4,0.0
BE,MK,public,0,5,0.0
IE,MK,public,0,6,0.0
LV,MK,public,0,2,0.0
PL,MK,public,0,3,0.0
UA,MK,public,0,3,0.0
GB,MK,public,0,4,0.0
AL,BY,public,0,4,0.0
BE,BY,public,0,4,0.0
DE,BY,public,0,3,0.0
MK,BY,public,0,4,0.0
NO,BY,public,0,3,0.0
CH,BY,public,0,4,0.0
GB,BY,public,0,4,0.0
BG,SI,public,0,3,0.0
IE,SI,public,0,6,0.0
IL,SI,public,0,6,0.0
LT,SI,public,0,7,0.0
CH,SI,public,0,6,0.0
GB,SI,public,0,6,0.0
BG,IE,public,0,3,0.0
BY,AL,public,0,3,0.0
DK,AL,public,0,7,0.0
IL,AL,public,0,6,0.0
LV,AL,public,0,8,0.0
LT,AL,public,0,7,0.0
UA,AL,public,0,6,0.0
MK,DK,public,0,4,0.0
ME,RO,public,0,3,0.0
MT,BY,public,0,2,0.0
PT,BY,public,0,3,0.0
SM,BY,public,0,2,0.0
ES,BY,public,0,3,0.0
SE,BY,public,0,2,0.0
RO,AM,public,0,4,0.0
BY,GR,public,0,3,0.0
IE,GR,public,0,7,0.0
LT,GR,public,0,7,0.0
AZ,DK,public,0,4,0.0
CY,DK,public,0,4,0.0
PT,PL,public,0,6,0.0
CY,AL,public,0,6,0.0
IS,AL,public,0,7,0.0
AL,ME,public,0,1,0.0
BE,ME,public,0,3,0.0
GE,ME,public,0,4,0.0
LV,ME,public,0,2,0.0
PL,ME,public,0,4,0.0
PT,ME,public,0,2,0.0
GB,ME,public,0,2,0.0
AM,SI,public,0,6,0.0
CY,SI,public,0,6,0.0
MD,SI,public,0,6,0.0
PT,LV,public,0,5,0.0
HU,IE,public,0,2,0.0
EE,MK,public,0,4,0.0
FR,MK,public,0,2,0.0
HU,MK,public,0,2,0.0
BG,SM,public,0,2,0.0
IE,SM,public,0,5,0.0
LT,SM,public,0,4,0.0
NO,SM,public,0,5,0.0
CH,SM,public,0,4,0.0
UA,SM,public,0,4,0.0
EE,AL,public,0,5,0.0
HU,AL,public,0,2,0.0
NL,AL,public,0,6,0.0
RU,AL,public,0,3,0.0
ME,IE,public,0,2,0.0
RU,IE,public,0,3,0.0
MT,SI,public,0,5,0.0
BY,FI,public,0,2,0.0
RU,PT,public,0,2,0.0
CY,MK,public,0,4,0.0
FI,MK,public,0,3,0.0
GR,MK,public,0,2,0.0
IS,MK,public,0,2,0.0
PT,MK,public,0,2,0.0
ES,MK,public,0,3,0.0
MK,IS,public,0,4,0.0
RU,RO,public,0,3,0.0
RO,LV,public,0,2,0.0
DK,ME,public,0,1,0.0
DE,ME,public,0,2,0.0
NO,ME,public,0,1,0.0
RO,ME,public,0,2,0.0
UA,ME,public,0,1,0.0
LV,SM,public,0,4,0.0
RO,GE,public,0,2,0.0
ME,CH,public,0,3,0.0
MD,MK,public,0,1,0.0
PT,MT,public,0,3,0.0
BY,ME,public,0,1,0.0
IL,ME,public,0,2,0.0
IE,ME,public,0,1,0.0
LU,IE,public,0,1,0.0
LU,AM,public,0,2,0.0
AM,LU,public,0,2,0.0
AU,LU,public,0,2,0.0
AT,LU,public,0,2,0.0
AZ,LU,public,0,2,0.0
HR,LU,public,0,2,0.0
CY,LU,public,0,2,0.0
CZ,LU,public,0,2,0.0
DK,LU,public,0,2,0.0
EE,LU,public,0,2,0.0
FI,LU,public,0,2,0.0
GE,LU,public,0,2,0.0
DE,LU,public,0,2,0.0
GR,LU,public,0,2,0.0
IS,LU,public,0,2,0.0
IE,LU,public,0,2,0.0
IT,LU,public,0,2,0.0
LV,LU,public,0,2,0.0
LT,LU,public,0,2,0.0
MT,LU,public,0,2,0.0
MD,LU,public,0,1,0.0
NL,LU,public,0,2,0.0
NO,LU,public,0,2,0.0
PL,LU,public,0,2,0.0
PT,LU,public,0,2,0.0
SM,LU,public,0,2,0.0
RS,LU,public,0,2,0.0
ES,LU,public,0,2,0.0
SE,LU,public,0,2,0.0
CH,LU,public,0,2,0.0
UA,LU,public,0,2,0.0
GB,LU,public,0,2,0.0
LU,CY,public,0,1,0.0
LU,RS,public,0,1,0.0
LU,GB,public,0,2,0.0
LU,FI,public,0,2,0.0
LU,GE,public,0,1,0.0
LU,ES,public,0,2,0.0
LU,SI,public,0,1,0.0
LU,AT,public,0,2,0.0
LU,NO,public,0,2,0.0
LU,NL,public,0,1,0.0
LU,MT,public,0,1,0.0
LU,DK,public,0,1,0.0
LU,IS,public,0,1,0.0
LU,SM,public,0,1,0.0
